ID,Originaltitel,DOI,Quelle,Entscheidung
LIT-001,Solid Waste Detection Using Enhanced YOLOv8 Lightweight Convolutional Neural Networks,10.3390/math12142185,https://doi.org/10.3390/math12142185,Zurückgestellt; keine technische Aussage übernommen
LIT-002,Enhanced Waste Sorting Technology by Integrating Hyperspectral and RGB Imaging,10.3390/recycling10050179,https://doi.org/10.3390/recycling10050179,Zurückgestellt; keine technische Aussage übernommen
LIT-003,AI for Sustainable Recycling: Efficient Model Optimization for Waste Classification Systems,10.3390/s25123807,https://doi.org/10.3390/s25123807,Zurückgestellt; keine technische Aussage übernommen
LIT-004,Low-Cost Recognition of Plastic Waste Using Deep Learning and a Multi-Spectral Near-Infrared Sensor,10.3390/s24092821,https://doi.org/10.3390/s24092821,Zurückgestellt; keine technische Aussage übernommen
LIT-005,A Deep Learning Approach for Microplastic Segmentation in Microscopic Images,10.3390/toxics13121018,https://doi.org/10.3390/toxics13121018,Zurückgestellt; keine technische Aussage übernommen
LIT-006,Real-Time Detection of Electronic Components in Waste Printed Circuit Boards: A Transformer-Based Approach,,https://arxiv.org/abs/2409.16496v1,Zurückgestellt; keine technische Aussage übernommen
LIT-007,Virtual Mines -- Component-level recycling of printed circuit boards using deep learning,,https://arxiv.org/abs/2406.17162v1,Zurückgestellt; keine technische Aussage übernommen
LIT-008,Collaborative and privacy-preserving retired battery sorting for profitable direct recycling via federated machine learning,10.1038/s41467-023-43883-y,https://doi.org/10.1038/s41467-023-43883-y,Zurückgestellt; keine technische Aussage übernommen
LIT-009,Machine Learning-Based Lithium Battery State of Health Prediction Research,10.3390/app15020516,https://doi.org/10.3390/app15020516,Zurückgestellt; keine technische Aussage übernommen
LIT-010,Development of a Prediction Model for Demolition Waste Generation Using a Random Forest Algorithm Based on Small DataSets,10.3390/ijerph17196997,https://doi.org/10.3390/ijerph17196997,Zurückgestellt; keine technische Aussage übernommen
LIT-011,"Estimation, Classification, and Prediction of Construction and Demolition Waste Using Machine Learning for Sustainable Waste Management: A Critical Review",10.3390/constrmater5010010,https://doi.org/10.3390/constrmater5010010,Zurückgestellt; keine technische Aussage übernommen
LIT-012,"Artificial Intelligence in Anaerobic Digestion: A Review of Sensors, Modeling Approaches, and Optimization Strategies",10.3390/s25226961,https://doi.org/10.3390/s25226961,Zurückgestellt; keine technische Aussage übernommen
LIT-013,Enhancing performance prediction of municipal solid waste generation: a strategic management,10.3389/fenvs.2025.1553121,https://doi.org/10.3389/fenvs.2025.1553121,Zurückgestellt; keine technische Aussage übernommen
LIT-014,Supervised and Unsupervised Textile Classification via Near-Infrared Hyperspectral Imaging and Deep Learning,,https://arxiv.org/abs/2505.03575v1,Zurückgestellt; keine technische Aussage übernommen
LIT-015,Application of Machine Learning (ML) and Artificial Intelligence (AI)-Based Tools for Modelling and Enhancing Sustainable Optimization of the Classical/Photo-Fenton Processes for the Landfill Leachate Treatment,10.3390/su141811261,https://doi.org/10.3390/su141811261,Aufgenommen
LIT-016,Towards digital twins of waste sorting plants: Developing data-driven process models of industrial-scale sensor-based sorting units by combining machine learning with near-infrared-based process monitoring,10.1016/j.resconrec.2023.107257,https://doi.org/10.1016/j.resconrec.2023.107257,Aufgenommen
LIT-017,Machine Learning in Reverse Logistics: A Systematic Literature Review,10.3390/a18100650,https://doi.org/10.3390/a18100650,Zurückgestellt; keine technische Aussage übernommen
LIT-018,"Forecasting Return Quantity, Timing and Condition in Remanufacturing with Machine Learning: A Mixed-Methods Approach",10.3390/su17146367,https://doi.org/10.3390/su17146367,Zurückgestellt; keine technische Aussage übernommen
LIT-019,Reinforcement learning for disassembly sequence planning optimization,10.1016/j.compind.2023.103992,https://doi.org/10.1016/j.compind.2023.103992,Zurückgestellt; keine technische Aussage übernommen
LIT-020,Leveraging Machine Learning for Advancing Circular Supply Chains: A Systematic Literature Review,10.3390/logistics8040108,https://doi.org/10.3390/logistics8040108,Zurückgestellt; keine technische Aussage übernommen
LIT-021,Integrating Machine Learning with Multi-Criteria Decision-Making Models for Sustainable Supplier Selection in Dynamic Supply Chains,10.3390/logistics9040152,https://doi.org/10.3390/logistics9040152,Zurückgestellt; keine technische Aussage übernommen
LIT-022,Return management in e-commerce firms: A machine learning approach to predict product returns and examine variables influencing returns,10.1016/j.jclepro.2024.143802,https://doi.org/10.1016/j.jclepro.2024.143802,Zurückgestellt; keine technische Aussage übernommen
LIT-023,Machine learning based prediction for China's municipal solid waste under the shared socioeconomic pathways,10.1016/j.jenvman.2022.114918,https://doi.org/10.1016/j.jenvman.2022.114918,Zurückgestellt; keine technische Aussage übernommen
LIT-024,Predicting municipal solid waste generation using artificial intelligence: A hybrid approach of entropy analysis and SHAP for optimal feature selection,10.1016/j.wasman.2025.115012,https://doi.org/10.1016/j.wasman.2025.115012,Zurückgestellt; keine technische Aussage übernommen
LIT-025,A machine learning and evolutionary optimization framework for carbon-aware supply chain routing,10.1016/j.sca.2025.100182,https://doi.org/10.1016/j.sca.2025.100182,Zurückgestellt; keine technische Aussage übernommen
LIT-026,Machine Learning and Artificial Intelligence in Circular Economy: A Bibliometric Analysis and Systematic Literature Review,10.33166/AETiC.2022.02.002,https://doi.org/10.33166/aetic.2022.02.002,Zurückgestellt; keine technische Aussage übernommen
LIT-027,Towards autonomous production control: a reinforcement learning-based model for hybrid remanufacturing systems,10.1007/s13243-026-00160-7,https://doi.org/10.1007/s13243-026-00160-7,Zurückgestellt; keine technische Aussage übernommen
LIT-028,Big data-driven optimization for sustainable reverse logistics network design,10.1007/s12652-022-04357-z,https://doi.org/10.1007/s12652-022-04357-z,Zurückgestellt; keine technische Aussage übernommen
LIT-029,Evaluating Artificial Intelligence Models for Resource Allocation in Circular Economy Digital Marketplace,10.3390/su162310601,https://doi.org/10.3390/su162310601,Zurückgestellt; keine technische Aussage übernommen
LIT-030,Reverse Logistics Network Model of Dual-Channel Recycling Boxes Based on Genetic Algorithm Optimization: A Multi-Objective and Uncertain Environment Perspective,10.3390/su15054408,https://doi.org/10.3390/su15054408,Zurückgestellt; keine technische Aussage übernommen
LIT-031,Unlocking the Potential of Remanufacturing Through Machine Learning and Data-Driven Models—A Survey,10.3390/a17120562,https://doi.org/10.3390/a17120562,Zurückgestellt; keine technische Aussage übernommen
LIT-032,Deep learning enabled computer vision in remanufacturing and refurbishment applications: defect detection and grading for smart phones,10.1007/s13243-024-00147-2,https://doi.org/10.1007/s13243-024-00147-2,Zurückgestellt; keine technische Aussage übernommen
LIT-033,A hybrid machine learning forecasting model for photovoltaic power,10.1016/j.egyr.2024.04.065,https://doi.org/10.1016/j.egyr.2024.04.065,Zurückgestellt; keine technische Aussage übernommen
LIT-034,Short-term PV power forecast using hybrid deep learning model and Variational Mode Decomposition,10.1016/j.egyr.2023.05.154,https://doi.org/10.1016/j.egyr.2023.05.154,Zurückgestellt; keine technische Aussage übernommen
LIT-035,Deep learning based automatic defect identification of photovoltaic module using electroluminescence images,10.1016/j.solener.2020.03.049,https://doi.org/10.1016/j.solener.2020.03.049,Zurückgestellt; keine technische Aussage übernommen
LIT-036,Deeplab-YOLO: a method for detecting hot-spot defects in infrared image PV panels by combining segmentation and detection,10.1007/s11554-024-01415-x,https://doi.org/10.1007/s11554-024-01415-x,Zurückgestellt; keine technische Aussage übernommen
LIT-037,Day-ahead Numerical Weather Prediction solar irradiance correction using a clustering method based on weather conditions,10.1016/j.apenergy.2024.123239,https://doi.org/10.1016/j.apenergy.2024.123239,Zurückgestellt; keine technische Aussage übernommen
LIT-038,"Solar Irradiance Probabilistic Forecasting Using Machine Learning, Metaheuristic Models and Numerical Weather Predictions",10.3390/su142215260,https://doi.org/10.3390/su142215260,Zurückgestellt; keine technische Aussage übernommen
LIT-039,A Novel Machine Learning Approach for Solar Radiation Estimation,10.3390/su151310609,https://doi.org/10.3390/su151310609,Zurückgestellt; keine technische Aussage übernommen
LIT-040,"A novel model based on CEEMDAN, IWOA, and LSTM for ultra-short-term wind power forecasting",10.1007/s11356-022-22959-0,https://doi.org/10.1007/s11356-022-22959-0,Zurückgestellt; keine technische Aussage übernommen
LIT-041,Multi-Scale Decomposition and Hybrid Deep Learning CEEMDAN-VMD-CNN-BiLSTM Approach for Wind Power Forecasting,10.3390/pr13072046,https://doi.org/10.3390/pr13072046,Zurückgestellt; keine technische Aussage übernommen
LIT-042,A robust spatio‐temporal prediction approach for wind power generation based on spectral temporal graph neural network,10.1049/rpg2.12449,https://doi.org/10.1049/rpg2.12449,Zurückgestellt; keine technische Aussage übernommen
LIT-043,BUAA_BIGSCity: Spatial-Temporal Graph Neural Network for Wind Power Forecasting in Baidu KDD CUP 2022,10.48550/arXiv.2302.11159,https://arxiv.org/abs/2302.11159v1,Zurückgestellt; keine technische Aussage übernommen
LIT-044,Renewable energy integration and microgrid energy trading using multi-agent deep reinforcement learning,10.1016/j.apenergy.2022.119151,https://doi.org/10.1016/j.apenergy.2022.119151,Zurückgestellt; keine technische Aussage übernommen
LIT-045,Wind turbine anomaly detection based on SCADA: A deep autoencoder enhanced by fault instances,10.1016/j.isatra.2023.03.045,https://doi.org/10.1016/j.isatra.2023.03.045,Aufgenommen
LIT-046,Short-term interval prediction of PV power based on quantile regression-stacking model and tree-structured parzen estimator optimization algorithm,10.3389/fenrg.2023.1252057,https://doi.org/10.3389/fenrg.2023.1252057,Zurückgestellt; keine technische Aussage übernommen
LIT-047,Analysis and prediction of green hydrogen production potential by photovoltaic-powered water electrolysis using machine learning in China,10.1016/j.energy.2023.129302,https://doi.org/10.1016/j.energy.2023.129302,Zurückgestellt; keine technische Aussage übernommen
LIT-048,Process optimization of biomass gasification with a Monte Carlo approach and random forest algorithm,10.1016/j.enconman.2022.115734,https://doi.org/10.1016/j.enconman.2022.115734,Aufgenommen
LIT-049,Artificial Intelligence in Photovoltaic Fault Identification and Diagnosis: A Systematic Review,10.3390/en16217417,https://doi.org/10.3390/en16217417,Zurückgestellt; keine technische Aussage übernommen
LIT-050,Multi-step carbon price forecasting using a hybrid model based on multivariate decomposition strategy and deep learning algorithms,10.1016/j.jclepro.2023.136959,https://doi.org/10.1016/j.jclepro.2023.136959,Zurückgestellt; keine technische Aussage übernommen
LIT-051,Carbon price forecasting based on CEEMDAN and LSTM,10.1016/j.apenergy.2022.118601,https://doi.org/10.1016/j.apenergy.2022.118601,Zurückgestellt; keine technische Aussage übernommen
LIT-052,Efficient and assured reinforcement learning-based building HVAC control with heterogeneous expert-guided training,10.1038/s41598-025-91326-z,https://doi.org/10.1038/s41598-025-91326-z,Zurückgestellt; keine technische Aussage übernommen
LIT-053,Experimental evaluation of model-free reinforcement learning algorithms for continuous HVAC control,10.1016/j.apenergy.2021.117164,https://doi.org/10.1016/j.apenergy.2021.117164,Zurückgestellt; keine technische Aussage übernommen
LIT-054,An experimental evaluation of deep reinforcement learning algorithms for HVAC control,10.1007/s10462-024-10819-x,https://doi.org/10.1007/s10462-024-10819-x,Zurückgestellt; keine technische Aussage übernommen
LIT-055,Data-driven energy consumption prediction of a university office building using machine learning algorithms,10.1016/j.energy.2024.133242,https://doi.org/10.1016/j.energy.2024.133242,Zurückgestellt; keine technische Aussage übernommen
LIT-056,"Evaluating Machine Learning Models for Sustainable Building Design: Energy, Emissions, and Comfort Metrics",10.1016/j.buildenv.2025.113582,https://doi.org/10.1016/j.buildenv.2025.113582,Zurückgestellt; keine technische Aussage übernommen
LIT-057,Predictive models of embodied carbon emissions in building design phases: Machine learning approaches based on residential buildings in China,10.1016/j.buildenv.2024.111595,https://doi.org/10.1016/j.buildenv.2024.111595,Zurückgestellt; keine technische Aussage übernommen
LIT-058,Machine learning models for predicting rural residential carbon emissions and optimising spatial forms,10.1038/s41598-025-17746-z,https://doi.org/10.1038/s41598-025-17746-z,Zurückgestellt; keine technische Aussage übernommen
LIT-059,An XGBoost-SHAP analysis of the driving factors of carbon emissions in China’s first-tier cities,10.1038/s41598-025-31260-2,https://doi.org/10.1038/s41598-025-31260-2,Zurückgestellt; keine technische Aussage übernommen
LIT-060,Incorporating machine learning for thermal engines modeling in industrial waste heat recovery,10.1016/j.cherd.2022.03.022,https://doi.org/10.1016/j.cherd.2022.03.022,Zurückgestellt; keine technische Aussage übernommen
LIT-061,Thermodynamic modeling and AI-enhanced optimization of a novel tri-level waste heat recovery system for industrial processes,10.1016/j.tsep.2024.103098,https://doi.org/10.1016/j.tsep.2024.103098,Zurückgestellt; keine technische Aussage übernommen
LIT-062,A novel machine learning-based method for identifying Industrial Symbiosis opportunities,10.1016/j.jclepro.2025.145607,https://doi.org/10.1016/j.jclepro.2025.145607,Zurückgestellt; keine technische Aussage übernommen
LIT-063,Construction of waste-to-resource knowledge graph for industrial symbiosis identification using large language models,10.1038/s41467-025-66599-7,https://doi.org/10.1038/s41467-025-66599-7,Zurückgestellt; keine technische Aussage übernommen
LIT-064,Integrating machine learning with life cycle assessment: a comprehensive review and guide for predicting environmental impacts,10.1007/s11367-025-02437-8,https://doi.org/10.1007/s11367-025-02437-8,Zurückgestellt; keine technische Aussage übernommen
LIT-065,Machine learning-assisted life cycle assessment of biochar soil application,10.1016/j.jclepro.2025.145109,https://doi.org/10.1016/j.jclepro.2025.145109,Zurückgestellt; keine technische Aussage übernommen
LIT-066,Energy consumption optimization in wastewater treatment plants: Machine learning for monitoring incineration of sewage sludge,10.1016/j.seta.2023.103040,https://doi.org/10.1016/j.seta.2023.103040,Aufgenommen
LIT-067,Analysis of Machine Learning Models for Wastewater Treatment Plant Sludge Output Prediction,10.3390/su151813380,https://doi.org/10.3390/su151813380,Zurückgestellt; keine technische Aussage übernommen
LIT-068,Prediction of municipal solid waste generation and analysis of dominant variables in rapidly developing cities based on machine learning – a case study of China,10.1177/0734242X231192766,https://doi.org/10.1177/0734242x231192766,Zurückgestellt; keine technische Aussage übernommen
LIT-069,PULSE: A modular framework for predictive energy efficiency in heterogeneous data centers,10.1016/j.softx.2025.102313,https://doi.org/10.1016/j.softx.2025.102313,Aufgenommen
LIT-070,Deep learning-driven hybrid model for short-term load forecasting and smart grid information management,10.1038/s41598-024-63262-x,https://doi.org/10.1038/s41598-024-63262-x,Zurückgestellt; keine technische Aussage übernommen
LIT-071,Measuring Circular Economy with Data Envelopment Analysis: A Systematic Literature Review,10.3390/mca30050102,https://doi.org/10.3390/mca30050102,Zurückgestellt; keine technische Aussage übernommen
LIT-072,Enhancing Data Envelopment Analysis (DEA) for Incorporating Energy Recycling in Circular Economy,10.1007/s43615-025-00537-z,https://doi.org/10.1007/s43615-025-00537-z,Zurückgestellt; keine technische Aussage übernommen
LIT-073,Advanced predictive modeling of municipal solid waste management using robust machine learning,10.1038/s41598-025-27237-w,https://doi.org/10.1038/s41598-025-27237-w,Zurückgestellt; keine technische Aussage übernommen
LIT-074,Predictive Maintenance for Remanufacturing Based on Hybrid-Driven Remaining Useful Life Prediction,10.3390/app12073218,https://doi.org/10.3390/app12073218,Aufgenommen
LIT-075,Evaluating feasibility of batteries for second-life applications using machine learning,,https://arxiv.org/abs/2203.04249,Zurückgestellt; keine technische Aussage übernommen
LIT-076,Leveraging Circular Economy Metrics for Data-Driven Forecasting of Solid Waste Production in Europe,10.3390/su16031017,https://doi.org/10.3390/su16031017,Zurückgestellt; keine technische Aussage übernommen
LIT-077,Identifying technologies in circular economy paradigm through text mining on scientific literature,10.1371/journal.pone.0312709,https://doi.org/10.1371/journal.pone.0312709,Aufgenommen
LIT-078,"Bridging the gap in ESG measurement: Using NLP to quantify environmental, social, and governance communication",10.1016/j.frl.2024.104979,https://doi.org/10.1016/j.frl.2024.104979,Zurückgestellt; keine technische Aussage übernommen
LIT-079,Sustainable design and repair: Leveraging circular economy and machine learning for product development,10.1016/j.joitmc.2025.100469,https://doi.org/10.1016/j.joitmc.2025.100469,Zurückgestellt; keine technische Aussage übernommen
LIT-080,Advancing Plastic Waste Classification and Recycling Efficiency: Integrating Image Sensors and Deep Learning Algorithms,10.3390/app131810224,https://doi.org/10.3390/app131810224,Zurückgestellt; keine technische Aussage übernommen
LIT-081,Plastic Waste Detection Using Deep Learning: Insights from the WaDaBa Dataset,10.53623/idwm.v5i1.580,https://doi.org/10.53623/idwm.v5i1.580,Zurückgestellt; keine technische Aussage übernommen
LIT-082,Artificial intelligence and machine learning to enhance critical mineral deposit discovery,10.1016/j.geogeo.2025.100361,https://doi.org/10.1016/j.geogeo.2025.100361,Zurückgestellt; keine technische Aussage übernommen
LIT-083,Forecasting the potential of reclaimed water using signal decomposition and deep learning,10.1016/j.jwpe.2024.105770,https://doi.org/10.1016/j.jwpe.2024.105770,Zurückgestellt; keine technische Aussage übernommen
LIT-084,A hybrid deep learning approach to improve real-time effluent quality prediction in wastewater treatment plant,10.1016/j.watres.2023.121092,https://doi.org/10.1016/j.watres.2023.121092,Zurückgestellt; keine technische Aussage übernommen
LIT-085,Prediction of Wastewater Treatment Plant Effluent Water Quality Using Recurrent Neural Network (RNN) Models,10.3390/w15193325,https://doi.org/10.3390/w15193325,Zurückgestellt; keine technische Aussage übernommen
