ID,Originaltitel,DOI,Publikation,Szenarien,Originalbegriffe,Bedeutung und Grenze,Quellenstatus,Geprüfte Fundstelle
CORE-001,A systematic literature review of machine learning methods applied to predictive maintenance,10.1016/j.cie.2019.106024,https://doi.org/10.1016/j.cie.2019.106024,PM,Machine learning,Ordnet vorausschauende Wartung als datengetriebene Wartungsaufgabe ein; sie validiert keinen bestimmten Plattformkandidaten.,publisher_abstract,https://www.sciencedirect.com/science/article/pii/S0360835219304838
CORE-002,Remaining Useful Life Prediction Based on Deep Learning: A Survey,10.3390/s24113454,https://doi.org/10.3390/s24113454,PM,Deep learning,"Gibt Kontext für Forschungsrichtungen mit Sequenzmodellen, die bewusst außerhalb dieses tabellarischen CSV-Prototyps liegen.",deposited_abstract,https://api.crossref.org/works/10.3390%2Fs24113454
CORE-003,Comprehensive Overview on Computational Intelligence Techniques for Machinery Condition Monitoring and Fault Diagnosis,10.1007/s10033-017-0150-0,https://doi.org/10.1007/s10033-017-0150-0,CM,Support vector machine | Artificial neural network,Stützt die Aufgabenrahmung der Zustandsüberwachung und unterscheidet diagnostische Methodenfamilien; sie ist keine Bewertung der lokalen Kandidaten.,full_text_excerpt,https://link.springer.com/article/10.1007/s10033-017-0150-0
CORE-004,A Review on Data-Driven Condition Monitoring of Industrial Equipment,10.3390/a16010009,https://doi.org/10.3390/a16010009,CM,Shallow learning | Deep learning,"Gibt einen Überblick über Methodenfamilien der datengetriebenen Zustandsüberwachung, einschließlich klassischer und signalnaher Ansätze.",deposited_abstract,https://api.crossref.org/works/10.3390%2Fa16010009
CORE-005,Deep Learning for Anomaly Detection: A Review,10.1145/3439950,https://doi.org/10.1145/3439950,AD,Deep anomaly detection,"Gibt Kontext zu Taxonomien der Anomalieerkennung; die behandelten tiefen Modelle sind Referenzrichtungen, keine implementierten Plattformkandidaten.",deposited_abstract,https://api.crossref.org/works/10.1145%2F3439950
CORE-006,Local outlier factor based condition monitoring for sub-module capacitors in modular multilevel converters,10.1016/j.epsr.2024.110306,https://doi.org/10.1016/j.epsr.2024.110306,AD,Local Outlier Factor (LOF),Der registrierte Originaltitel nennt Local Outlier Factor für die Zustandsüberwachung von Konverterkondensatoren. Die Zuordnung bleibt auf diesen Titelbezug beschränkt; Leistungswerte und Versuchsdetails sind nicht erneut geprüft.,bibliographic_record,https://api.crossref.org/works/10.1016%2Fj.epsr.2024.110306
CORE-007,A TAXONOMY OF UNIVARIATE ANOMALY DETECTION ALGORITHMS FOR PREDICTIVE MAINTENANCE,10.7166/34-3-2943,https://doi.org/10.7166/34-3-2943,AD,Univariate anomaly detection,"Gibt taxonomischen Kontext für One-Class- und statistische Anomalieansätze; die Plattform verwendet multivariate, konstruierte Merkmale.",deposited_abstract,https://api.crossref.org/works/10.7166%2F34-3-2943
CORE-008,Application of machine learning tools for energy efficiency in industry: A review,10.1016/j.egyr.2020.04.035,https://doi.org/10.1016/j.egyr.2020.04.035,EO,Machine learning,"Stützt die Aufgabenrahmung industrieller Energieeffizienz, nicht jedoch direkte Einspar- oder CO2-Aussagen für diesen Prototyp.",author_abstract,https://researchportal.ulisboa.pt/en/publications/application-of-machine-learning-tools-for-energy-efficiency-in-in/
CORE-009,Machine Learning and IoT-Based Solutions in Industrial Applications for Smart Manufacturing: A Critical Review,10.3390/fi16110394,https://doi.org/10.3390/fi16110394,EO,Machine learning | Internet of Things,"Gibt einen breiten Kontext für vernetzte Fertigung, strukturierte Sensordaten und ML-Methodenfamilien.",deposited_abstract,https://api.crossref.org/works/10.3390%2Ffi16110394
LIT-015,Application of Machine Learning (ML) and Artificial Intelligence (AI)-Based Tools for Modelling and Enhancing Sustainable Optimization of the Classical/Photo-Fenton Processes for the Landfill Leachate Treatment,10.3390/su141811261,https://doi.org/10.3390/su141811261,EO,Support vector regression (SVR) | Radial basis function neural network (RBFN) | Feed forward neural network (FFNN) | Genetic algorithm (GA),SVR und neuronale Netze modellieren die Behandlungsleistung von Deponiesickerwasser; ein genetischer Algorithmus ergänzt die Optimierung. Die Prozessleistung ist nur bedingt auf eine Effizienzbewertung übertragbar. CEAH implementiert weder diese Netze noch die GA-Suche.,deposited_abstract,https://api.crossref.org/works/10.3390%2Fsu141811261
LIT-016,Towards digital twins of waste sorting plants: Developing data-driven process models of industrial-scale sensor-based sorting units by combining machine learning with near-infrared-based process monitoring,10.1016/j.resconrec.2023.107257,https://doi.org/10.1016/j.resconrec.2023.107257,EO,Artificial neural network (ANN),"Ein neuronales Prozessmodell nutzt NIR-basierte Prozessüberwachung für industrielle Sortieranlagen. Die Übertragung betrifft abgeleitete Prozessgrößen, nicht native Bilder oder Spektren. Ein Sortierproxy ist kein fertiger CEAH-Effizienzscore.",author_abstract,https://publications.rwth-aachen.de/record/972852/files/978852.pdf
LIT-045,Wind turbine anomaly detection based on SCADA: A deep autoencoder enhanced by fault instances,10.1016/j.isatra.2023.03.045,https://doi.org/10.1016/j.isatra.2023.03.045,AD,Triplet-convolutional deep autoencoder | Deep metric learning | GAN data augmentation,SCADA-Anomalien werden mit einem durch Fehlerbeispiele unterstützten Autoencoder und metrischem Lernen untersucht. Diese Trainingsannahme unterscheidet sich vom CEAH-Anomalievertrag; Autoencoder und GAN sind nicht implementiert.,publisher_abstract,https://www.sciencedirect.com/science/article/pii/S0019057823001635
LIT-048,Process optimization of biomass gasification with a Monte Carlo approach and random forest algorithm,10.1016/j.enconman.2022.115734,https://doi.org/10.1016/j.enconman.2022.115734,EO,Random forest | Monte Carlo simulation | Gasification kinetic model,Random Forest wird mit Gasifikationskinetik und Monte-Carlo-Simulation zur Untersuchung von Prozessbedingungen und Synthesegasausbeute verbunden. Nur die Regressionsfamilie ist anschlussfähig; CEAH enthält weder diesen Simulator noch einen Prozessoptimierer.,author_abstract,https://eprints.gla.ac.uk/270667/
LIT-066,Energy consumption optimization in wastewater treatment plants: Machine learning for monitoring incineration of sewage sludge,10.1016/j.seta.2023.103040,https://doi.org/10.1016/j.seta.2023.103040,EO,Chained multi-output machine learning,"Der Autoren-Abstract vergleicht parallele, neuronale und verkettete Modelle für die Energieperformance der Klärschlammverbrennung. Das unterstützt Prozessmodellierung als Referenz; ein einzelner Effizienzscore und lokale Einsparungen folgen daraus nicht.",author_abstract,"https://mostwiedzy.pl/pl/publication/energy-consumption-optimization-in-wastewater-treatment-plants-machine-learning-for-monitoring-incin,159798-1"
LIT-069,PULSE: A modular framework for predictive energy efficiency in heterogeneous data centers,10.1016/j.softx.2025.102313,https://doi.org/10.1016/j.softx.2025.102313,EO,Deep learning,PULSE untersucht die Vorhersage von Power Usage Effectiveness in Rechenzentren. PUE und der CEAH-Effizienzscore haben unterschiedliche Bedeutung und Richtung. Die Plattform dient auch als Vergleichsarbeit; End-to-End-Software allein ist kein Alleinstellungsnachweis.,publisher_preview,https://www.sciencedirect.com/science/article/pii/S2352711025002791
LIT-074,Predictive Maintenance for Remanufacturing Based on Hybrid-Driven Remaining Useful Life Prediction,10.3390/app12073218,https://doi.org/10.3390/app12073218,PM,Hybrid knowledge/data-driven RUL prediction,"Verbindet Remanufacturing und Lebensdauerverlängerung mit RUL und Zustandsüberwachung. Dies stützt den PM-/CE-Kontext, nicht die Leistung eines bestimmten CEAH-Kandidaten. Details eines Weibull-Modells werden aus dem Abstract nicht abgeleitet.",author_abstract,https://research.aston.ac.uk/en/publications/predictive-maintenance-for-remanufacturing-based-on-hybrid-driven/
LIT-077,Identifying technologies in circular economy paradigm through text mining on scientific literature,10.1371/journal.pone.0312709,https://doi.org/10.1371/journal.pone.0312709,,Gazetteer/rule-based named entity recognition | Co-occurrence network | Louvain community detection,"Die Methodik verbindet Entitätsextraktion, Bereinigung, manuelle Prüfung und Louvain-Gemeinschaften in einem Koauftretensnetz. Sie begründet einen möglichen Ausbau; CEAH hat weder diese Extraktionspipeline noch ein semantisches Clustering ausgeführt.",full_text_excerpt,https://journals.plos.org/plosone/article?id=10.1371/journal.pone.0312709
