ID,Originaltitel,Jahr,Modalität,Methode,Methodenpfad,Anwendung,Anwendungspfad,Quellenebene,Quelle,Plattformbibliothek
LIT-001,Solid Waste Detection Using Enhanced YOLOv8 Lightweight Convolutional Neural Networks,2024,Mit Bildbezug,YOLOv8 / YOLOv8s,Neuronale Netze > Faltungsnetze > YOLO-Detektoren > YOLOv8 / YOLOv8s,Abfall erkennen & sortieren,Materialrückgewinnung > Abfall erkennen & sortieren,Original-Abstract / Verlagsvorschau,https://api.crossref.org/works/10.3390%2Fmath12142185,Nein
LIT-002,Enhanced Waste Sorting Technology by Integrating Hyperspectral and RGB Imaging,2025,Mit Bildbezug,ML / KI (Modell offen),Methode nicht spezifiziert > ML / KI (Modell offen),Abfall erkennen & sortieren,Materialrückgewinnung > Abfall erkennen & sortieren,Original-Abstract / Verlagsvorschau,https://api.crossref.org/works/10.3390%2Frecycling10050179,Nein
LIT-003,AI for Sustainable Recycling: Efficient Model Optimization for Waste Classification Systems,2025,Mit Bildbezug,CNN,Neuronale Netze > Faltungsnetze > CNN,Abfall erkennen & sortieren,Materialrückgewinnung > Abfall erkennen & sortieren,Original-Abstract / Verlagsvorschau,https://api.crossref.org/works/10.3390%2Fs25123807,Nein
LIT-003,AI for Sustainable Recycling: Efficient Model Optimization for Waste Classification Systems,2025,Mit Bildbezug,Ensemble (Mitglieder offen),Lern- & Hybridkonzepte > Ensemble (Mitglieder offen),Abfall erkennen & sortieren,Materialrückgewinnung > Abfall erkennen & sortieren,Original-Abstract / Verlagsvorschau,https://api.crossref.org/works/10.3390%2Fs25123807,Nein
LIT-004,Low-Cost Recognition of Plastic Waste Using Deep Learning and a Multi-Spectral Near-Infrared Sensor,2024,Ohne Bildbezug,Random Forest,Bäume & Baum-Ensembles > Random Forest,Kunststoff erkennen,Materialrückgewinnung > Kunststoff erkennen,Original-Abstract / Verlagsvorschau,https://api.crossref.org/works/10.3390%2Fs24092821,Nein
LIT-004,Low-Cost Recognition of Plastic Waste Using Deep Learning and a Multi-Spectral Near-Infrared Sensor,2024,Ohne Bildbezug,SVM,Kernel & probabilistische Modelle > Support-Vektor-Verfahren > SVM,Kunststoff erkennen,Materialrückgewinnung > Kunststoff erkennen,Original-Abstract / Verlagsvorschau,https://api.crossref.org/works/10.3390%2Fs24092821,Nein
LIT-004,Low-Cost Recognition of Plastic Waste Using Deep Learning and a Multi-Spectral Near-Infrared Sensor,2024,Ohne Bildbezug,Multilayer Perceptron,Neuronale Netze > Multilayer Perceptron,Kunststoff erkennen,Materialrückgewinnung > Kunststoff erkennen,Original-Abstract / Verlagsvorschau,https://api.crossref.org/works/10.3390%2Fs24092821,Nein
LIT-004,Low-Cost Recognition of Plastic Waste Using Deep Learning and a Multi-Spectral Near-Infrared Sensor,2024,Ohne Bildbezug,CNN,Neuronale Netze > Faltungsnetze > CNN,Kunststoff erkennen,Materialrückgewinnung > Kunststoff erkennen,Original-Abstract / Verlagsvorschau,https://api.crossref.org/works/10.3390%2Fs24092821,Nein
LIT-004,Low-Cost Recognition of Plastic Waste Using Deep Learning and a Multi-Spectral Near-Infrared Sensor,2024,Ohne Bildbezug,Decision Tree,Bäume & Baum-Ensembles > Decision Tree,Kunststoff erkennen,Materialrückgewinnung > Kunststoff erkennen,Original-Abstract / Verlagsvorschau,https://api.crossref.org/works/10.3390%2Fs24092821,Nein
LIT-004,Low-Cost Recognition of Plastic Waste Using Deep Learning and a Multi-Spectral Near-Infrared Sensor,2024,Ohne Bildbezug,Logistic Regression,Statistik & Nachbarschaft > Logistic Regression,Kunststoff erkennen,Materialrückgewinnung > Kunststoff erkennen,Original-Abstract / Verlagsvorschau,https://api.crossref.org/works/10.3390%2Fs24092821,Nein
LIT-004,Low-Cost Recognition of Plastic Waste Using Deep Learning and a Multi-Spectral Near-Infrared Sensor,2024,Ohne Bildbezug,Naive Bayes,Statistik & Nachbarschaft > Naive Bayes,Kunststoff erkennen,Materialrückgewinnung > Kunststoff erkennen,Original-Abstract / Verlagsvorschau,https://api.crossref.org/works/10.3390%2Fs24092821,Nein
LIT-004,Low-Cost Recognition of Plastic Waste Using Deep Learning and a Multi-Spectral Near-Infrared Sensor,2024,Ohne Bildbezug,KNN,Statistik & Nachbarschaft > KNN,Kunststoff erkennen,Materialrückgewinnung > Kunststoff erkennen,Original-Abstract / Verlagsvorschau,https://api.crossref.org/works/10.3390%2Fs24092821,Nein
LIT-004,Low-Cost Recognition of Plastic Waste Using Deep Learning and a Multi-Spectral Near-Infrared Sensor,2024,Ohne Bildbezug,AdaBoost (Basis offen),Lern- & Hybridkonzepte > AdaBoost (Basis offen),Kunststoff erkennen,Materialrückgewinnung > Kunststoff erkennen,Original-Abstract / Verlagsvorschau,https://api.crossref.org/works/10.3390%2Fs24092821,Nein
LIT-004,Low-Cost Recognition of Plastic Waste Using Deep Learning and a Multi-Spectral Near-Infrared Sensor,2024,Ohne Bildbezug,LDA,Statistik & Nachbarschaft > LDA,Kunststoff erkennen,Materialrückgewinnung > Kunststoff erkennen,Original-Abstract / Verlagsvorschau,https://api.crossref.org/works/10.3390%2Fs24092821,Nein
LIT-005,A Deep Learning Approach for Microplastic Segmentation in Microscopic Images,2025,Mit Bildbezug,MNv4-Conv-M-fpn,Neuronale Netze > Faltungsnetze > MNv4-Conv-M-fpn,Mikroplastik segmentieren,Materialrückgewinnung > Mikroplastik segmentieren,Original-Abstract / Verlagsvorschau,https://api.crossref.org/works/10.3390%2Ftoxics13121018,Nein
LIT-006,Real-Time Detection of Electronic Components in Waste Printed Circuit Boards: A Transformer-Based Approach,2024,Mit Bildbezug,RT-DETR,Neuronale Netze > Transformer > RT-DETR,Leiterplatten-Komponenten,Materialrückgewinnung > Leiterplatten-Komponenten,Original-Abstract / Verlagsvorschau,https://arxiv.org/abs/2409.16496v1,Nein
LIT-006,Real-Time Detection of Electronic Components in Waste Printed Circuit Boards: A Transformer-Based Approach,2024,Mit Bildbezug,YOLOv8 / YOLOv8s,Neuronale Netze > Faltungsnetze > YOLO-Detektoren > YOLOv8 / YOLOv8s,Leiterplatten-Komponenten,Materialrückgewinnung > Leiterplatten-Komponenten,Original-Abstract / Verlagsvorschau,https://arxiv.org/abs/2409.16496v1,Nein
LIT-006,Real-Time Detection of Electronic Components in Waste Printed Circuit Boards: A Transformer-Based Approach,2024,Mit Bildbezug,YOLOv9,Neuronale Netze > Faltungsnetze > YOLO-Detektoren > YOLOv9,Leiterplatten-Komponenten,Materialrückgewinnung > Leiterplatten-Komponenten,Original-Abstract / Verlagsvorschau,https://arxiv.org/abs/2409.16496v1,Nein
LIT-007,Virtual Mines -- Component-level recycling of printed circuit boards using deep learning,2024,Mit Bildbezug,YOLOv5,Neuronale Netze > Faltungsnetze > YOLO-Detektoren > YOLOv5,Leiterplatten-Komponenten,Materialrückgewinnung > Leiterplatten-Komponenten,Original-Abstract / Verlagsvorschau,https://arxiv.org/abs/2406.17162v1,Nein
LIT-008,Collaborative and privacy-preserving retired battery sorting for profitable direct recycling via federated machine learning,2023,Ohne Bildbezug,Federated Learning,Lern- & Hybridkonzepte > Federated Learning,Batterien sortieren,Batterielebenszyklus > Batterien sortieren,Original-Abstract / Verlagsvorschau,https://api.crossref.org/works/10.1038%2Fs41467-023-43883-y,Nein
LIT-009,Machine Learning-Based Lithium Battery State of Health Prediction Research,2025,Ohne Bildbezug,Particle Swarm Optimization,Begleitende Verfahren > Optimierung & Entscheidung > Particle Swarm Optimization,Batteriezustand schätzen,Batterielebenszyklus > Batteriezustand schätzen,Original-Abstract / Verlagsvorschau,https://api.crossref.org/works/10.3390%2Fapp15020516,Nein
LIT-009,Machine Learning-Based Lithium Battery State of Health Prediction Research,2025,Ohne Bildbezug,LSTM,Neuronale Netze > Rekurrente Netze > LSTM-Varianten > LSTM,Batteriezustand schätzen,Batterielebenszyklus > Batteriezustand schätzen,Original-Abstract / Verlagsvorschau,https://api.crossref.org/works/10.3390%2Fapp15020516,Nein
LIT-009,Machine Learning-Based Lithium Battery State of Health Prediction Research,2025,Ohne Bildbezug,CNN,Neuronale Netze > Faltungsnetze > CNN,Batteriezustand schätzen,Batterielebenszyklus > Batteriezustand schätzen,Original-Abstract / Verlagsvorschau,https://api.crossref.org/works/10.3390%2Fapp15020516,Nein
LIT-009,Machine Learning-Based Lithium Battery State of Health Prediction Research,2025,Ohne Bildbezug,SVR,Kernel & probabilistische Modelle > Support-Vektor-Verfahren > SVR,Batteriezustand schätzen,Batterielebenszyklus > Batteriezustand schätzen,Original-Abstract / Verlagsvorschau,https://api.crossref.org/works/10.3390%2Fapp15020516,Nein
LIT-010,Development of a Prediction Model for Demolition Waste Generation Using a Random Forest Algorithm Based on Small DataSets,2020,Ohne Bildbezug,Random Forest,Bäume & Baum-Ensembles > Random Forest,Bau- & Abbruchabfall,Materialrückgewinnung > Bau- & Abbruchabfall,Original-Abstract / Verlagsvorschau,https://api.crossref.org/works/10.3390%2Fijerph17196997,Nein
LIT-011,"Estimation, Classification, and Prediction of Construction and Demolition Waste Using Machine Learning for Sustainable Waste Management: A Critical Review",2025,Ungeklärt,SVM,Kernel & probabilistische Modelle > Support-Vektor-Verfahren > SVM,Bau- & Abbruchabfall,Materialrückgewinnung > Bau- & Abbruchabfall,Original-Abstract / Verlagsvorschau,https://api.crossref.org/works/10.3390%2Fconstrmater5010010,Nein
LIT-011,"Estimation, Classification, and Prediction of Construction and Demolition Waste Using Machine Learning for Sustainable Waste Management: A Critical Review",2025,Ungeklärt,ANN / NN (Architektur offen),Neuronale Netze > ANN / NN (Architektur offen),Bau- & Abbruchabfall,Materialrückgewinnung > Bau- & Abbruchabfall,Original-Abstract / Verlagsvorschau,https://api.crossref.org/works/10.3390%2Fconstrmater5010010,Nein
LIT-011,"Estimation, Classification, and Prediction of Construction and Demolition Waste Using Machine Learning for Sustainable Waste Management: A Critical Review",2025,Ungeklärt,Random Forest,Bäume & Baum-Ensembles > Random Forest,Bau- & Abbruchabfall,Materialrückgewinnung > Bau- & Abbruchabfall,Original-Abstract / Verlagsvorschau,https://api.crossref.org/works/10.3390%2Fconstrmater5010010,Nein
LIT-011,"Estimation, Classification, and Prediction of Construction and Demolition Waste Using Machine Learning for Sustainable Waste Management: A Critical Review",2025,Ungeklärt,KNN,Statistik & Nachbarschaft > KNN,Bau- & Abbruchabfall,Materialrückgewinnung > Bau- & Abbruchabfall,Original-Abstract / Verlagsvorschau,https://api.crossref.org/works/10.3390%2Fconstrmater5010010,Nein
LIT-011,"Estimation, Classification, and Prediction of Construction and Demolition Waste Using Machine Learning for Sustainable Waste Management: A Critical Review",2025,Ungeklärt,CNN,Neuronale Netze > Faltungsnetze > CNN,Bau- & Abbruchabfall,Materialrückgewinnung > Bau- & Abbruchabfall,Original-Abstract / Verlagsvorschau,https://api.crossref.org/works/10.3390%2Fconstrmater5010010,Nein
LIT-012,"Artificial Intelligence in Anaerobic Digestion: A Review of Sensors, Modeling Approaches, and Optimization Strategies",2025,Ungeklärt,ANN / NN (Architektur offen),Neuronale Netze > ANN / NN (Architektur offen),Biogasprozesse,Prozess & Wasser > Biogasprozesse,Original-Abstract / Verlagsvorschau,https://api.crossref.org/works/10.3390%2Fs25226961,Nein
LIT-012,"Artificial Intelligence in Anaerobic Digestion: A Review of Sensors, Modeling Approaches, and Optimization Strategies",2025,Ungeklärt,SVM,Kernel & probabilistische Modelle > Support-Vektor-Verfahren > SVM,Biogasprozesse,Prozess & Wasser > Biogasprozesse,Original-Abstract / Verlagsvorschau,https://api.crossref.org/works/10.3390%2Fs25226961,Nein
LIT-012,"Artificial Intelligence in Anaerobic Digestion: A Review of Sensors, Modeling Approaches, and Optimization Strategies",2025,Ungeklärt,Ensemble (Mitglieder offen),Lern- & Hybridkonzepte > Ensemble (Mitglieder offen),Biogasprozesse,Prozess & Wasser > Biogasprozesse,Original-Abstract / Verlagsvorschau,https://api.crossref.org/works/10.3390%2Fs25226961,Nein
LIT-012,"Artificial Intelligence in Anaerobic Digestion: A Review of Sensors, Modeling Approaches, and Optimization Strategies",2025,Ungeklärt,Gray-Box-Hybrid,Lern- & Hybridkonzepte > Gray-Box-Hybrid,Biogasprozesse,Prozess & Wasser > Biogasprozesse,Original-Abstract / Verlagsvorschau,https://api.crossref.org/works/10.3390%2Fs25226961,Nein
LIT-013,Enhancing performance prediction of municipal solid waste generation: a strategic management,2025,Ohne Bildbezug,Decision Tree,Bäume & Baum-Ensembles > Decision Tree,Abfallmengen prognostizieren,Materialrückgewinnung > Abfallmengen prognostizieren,Original-Abstract / Verlagsvorschau,https://api.crossref.org/works/10.3389%2Ffenvs.2025.1553121,Nein
LIT-013,Enhancing performance prediction of municipal solid waste generation: a strategic management,2025,Ohne Bildbezug,Random Forest,Bäume & Baum-Ensembles > Random Forest,Abfallmengen prognostizieren,Materialrückgewinnung > Abfallmengen prognostizieren,Original-Abstract / Verlagsvorschau,https://api.crossref.org/works/10.3389%2Ffenvs.2025.1553121,Nein
LIT-013,Enhancing performance prediction of municipal solid waste generation: a strategic management,2025,Ohne Bildbezug,LightGBM,Bäume & Baum-Ensembles > Boosting-Bäume > LightGBM,Abfallmengen prognostizieren,Materialrückgewinnung > Abfallmengen prognostizieren,Original-Abstract / Verlagsvorschau,https://api.crossref.org/works/10.3389%2Ffenvs.2025.1553121,Nein
LIT-013,Enhancing performance prediction of municipal solid waste generation: a strategic management,2025,Ohne Bildbezug,XGBoost,Bäume & Baum-Ensembles > Boosting-Bäume > XGBoost,Abfallmengen prognostizieren,Materialrückgewinnung > Abfallmengen prognostizieren,Original-Abstract / Verlagsvorschau,https://api.crossref.org/works/10.3389%2Ffenvs.2025.1553121,Nein
LIT-014,Supervised and Unsupervised Textile Classification via Near-Infrared Hyperspectral Imaging and Deep Learning,2025,Mit Bildbezug,CNN,Neuronale Netze > Faltungsnetze > CNN,Textilien sortieren,Materialrückgewinnung > Textilien sortieren,Original-Abstract / Verlagsvorschau,https://arxiv.org/abs/2505.03575v1,Nein
LIT-014,Supervised and Unsupervised Textile Classification via Near-Infrared Hyperspectral Imaging and Deep Learning,2025,Mit Bildbezug,Autoencoder (Architektur offen),Neuronale Netze > Autoencoder > Autoencoder (Architektur offen),Textilien sortieren,Materialrückgewinnung > Textilien sortieren,Original-Abstract / Verlagsvorschau,https://arxiv.org/abs/2505.03575v1,Nein
LIT-015,Application of Machine Learning (ML) and Artificial Intelligence (AI)-Based Tools for Modelling and Enhancing Sustainable Optimization of the Classical/Photo-Fenton Processes for the Landfill Leachate Treatment,2022,Ohne Bildbezug,RBFN,Neuronale Netze > RBFN,Sickerwasser behandeln,Prozess & Wasser > Sickerwasser behandeln,Original-Abstract / Verlagsvorschau,https://api.crossref.org/works/10.3390%2Fsu141811261,Ja
LIT-015,Application of Machine Learning (ML) and Artificial Intelligence (AI)-Based Tools for Modelling and Enhancing Sustainable Optimization of the Classical/Photo-Fenton Processes for the Landfill Leachate Treatment,2022,Ohne Bildbezug,FFNN,Neuronale Netze > FFNN,Sickerwasser behandeln,Prozess & Wasser > Sickerwasser behandeln,Original-Abstract / Verlagsvorschau,https://api.crossref.org/works/10.3390%2Fsu141811261,Ja
LIT-015,Application of Machine Learning (ML) and Artificial Intelligence (AI)-Based Tools for Modelling and Enhancing Sustainable Optimization of the Classical/Photo-Fenton Processes for the Landfill Leachate Treatment,2022,Ohne Bildbezug,SVR,Kernel & probabilistische Modelle > Support-Vektor-Verfahren > SVR,Sickerwasser behandeln,Prozess & Wasser > Sickerwasser behandeln,Original-Abstract / Verlagsvorschau,https://api.crossref.org/works/10.3390%2Fsu141811261,Ja
LIT-015,Application of Machine Learning (ML) and Artificial Intelligence (AI)-Based Tools for Modelling and Enhancing Sustainable Optimization of the Classical/Photo-Fenton Processes for the Landfill Leachate Treatment,2022,Ohne Bildbezug,Genetic Algorithm,Begleitende Verfahren > Optimierung & Entscheidung > Genetic Algorithm,Sickerwasser behandeln,Prozess & Wasser > Sickerwasser behandeln,Original-Abstract / Verlagsvorschau,https://api.crossref.org/works/10.3390%2Fsu141811261,Ja
LIT-016,Towards digital twins of waste sorting plants: Developing data-driven process models of industrial-scale sensor-based sorting units by combining machine learning with near-infrared-based process monitoring,2024,Ungeklärt,ANN / NN (Architektur offen),Neuronale Netze > ANN / NN (Architektur offen),Sortierprozesse modellieren,Materialrückgewinnung > Sortierprozesse modellieren,Original-Abstract / Verlagsvorschau,https://publications.rwth-aachen.de/record/972852/files/978852.pdf,Ja
LIT-017,Machine Learning in Reverse Logistics: A Systematic Literature Review,2025,Ungeklärt,ML / KI (Modell offen),Methode nicht spezifiziert > ML / KI (Modell offen),Rückführungslogistik,Zirkuläre Lieferketten > Rückführungslogistik,Original-Abstract / Verlagsvorschau,https://api.crossref.org/works/10.3390%2Fa18100650,Nein
LIT-017,Machine Learning in Reverse Logistics: A Systematic Literature Review,2025,Ungeklärt,RL (Agent offen),Reinforcement Learning > RL (Agent offen),Rückführungslogistik,Zirkuläre Lieferketten > Rückführungslogistik,Original-Abstract / Verlagsvorschau,https://api.crossref.org/works/10.3390%2Fa18100650,Nein
LIT-018,"Forecasting Return Quantity, Timing and Condition in Remanufacturing with Machine Learning: A Mixed-Methods Approach",2025,Ungeklärt,ML / KI (Modell offen),Methode nicht spezifiziert > ML / KI (Modell offen),Rückläufe prognostizieren,Zirkuläre Lieferketten > Rückläufe prognostizieren,Original-Abstract / Verlagsvorschau,https://api.crossref.org/works/10.3390%2Fsu17146367,Nein
LIT-018,"Forecasting Return Quantity, Timing and Condition in Remanufacturing with Machine Learning: A Mixed-Methods Approach",2025,Ungeklärt,Deep Learning (Architektur offen),Neuronale Netze > Deep Learning (Architektur offen),Rückläufe prognostizieren,Zirkuläre Lieferketten > Rückläufe prognostizieren,Original-Abstract / Verlagsvorschau,https://api.crossref.org/works/10.3390%2Fsu17146367,Nein
LIT-019,Reinforcement learning for disassembly sequence planning optimization,2023,Ungeklärt,RL (Agent offen),Reinforcement Learning > RL (Agent offen),Demontage planen,Aufarbeitung & Reparatur > Demontage planen,Registrierter Originaltitel,https://api.crossref.org/works/10.1016%2Fj.compind.2023.103992,Nein
LIT-020,Leveraging Machine Learning for Advancing Circular Supply Chains: A Systematic Literature Review,2024,Mit Bildbezug,ML / KI (Modell offen),Methode nicht spezifiziert > ML / KI (Modell offen),Zirkuläre Lieferketten,Zirkuläre Lieferketten > Zirkuläre Lieferketten,Original-Abstract / Verlagsvorschau,https://api.crossref.org/works/10.3390%2Flogistics8040108,Nein
LIT-021,Integrating Machine Learning with Multi-Criteria Decision-Making Models for Sustainable Supplier Selection in Dynamic Supply Chains,2025,Ohne Bildbezug,NMF,Clustering & Faktorisierung > NMF,Lieferanten auswählen,Zirkuläre Lieferketten > Lieferanten auswählen,Original-Abstract / Verlagsvorschau,https://api.crossref.org/works/10.3390%2Flogistics9040152,Nein
LIT-021,Integrating Machine Learning with Multi-Criteria Decision-Making Models for Sustainable Supplier Selection in Dynamic Supply Chains,2025,Ohne Bildbezug,Random Forest,Bäume & Baum-Ensembles > Random Forest,Lieferanten auswählen,Zirkuläre Lieferketten > Lieferanten auswählen,Original-Abstract / Verlagsvorschau,https://api.crossref.org/works/10.3390%2Flogistics9040152,Nein
LIT-021,Integrating Machine Learning with Multi-Criteria Decision-Making Models for Sustainable Supplier Selection in Dynamic Supply Chains,2025,Ohne Bildbezug,TOPSIS,Begleitende Verfahren > Optimierung & Entscheidung > TOPSIS,Lieferanten auswählen,Zirkuläre Lieferketten > Lieferanten auswählen,Original-Abstract / Verlagsvorschau,https://api.crossref.org/works/10.3390%2Flogistics9040152,Nein
LIT-022,Return management in e-commerce firms: A machine learning approach to predict product returns and examine variables influencing returns,2024,Ungeklärt,ML / KI (Modell offen),Methode nicht spezifiziert > ML / KI (Modell offen),Rückläufe prognostizieren,Zirkuläre Lieferketten > Rückläufe prognostizieren,Registrierter Originaltitel,https://api.crossref.org/works/10.1016%2Fj.jclepro.2024.143802,Nein
LIT-023,Machine learning based prediction for China's municipal solid waste under the shared socioeconomic pathways,2022,Ungeklärt,ML / KI (Modell offen),Methode nicht spezifiziert > ML / KI (Modell offen),Abfallmengen prognostizieren,Materialrückgewinnung > Abfallmengen prognostizieren,Registrierter Originaltitel,https://api.crossref.org/works/10.1016%2Fj.jenvman.2022.114918,Nein
LIT-024,Predicting municipal solid waste generation using artificial intelligence: A hybrid approach of entropy analysis and SHAP for optimal feature selection,2025,Ungeklärt,Entropieanalyse,Begleitende Verfahren > Vorverarbeitung & Erklärung > Entropieanalyse,Abfallmengen prognostizieren,Materialrückgewinnung > Abfallmengen prognostizieren,Registrierter Originaltitel,https://api.crossref.org/works/10.1016%2Fj.wasman.2025.115012,Nein
LIT-024,Predicting municipal solid waste generation using artificial intelligence: A hybrid approach of entropy analysis and SHAP for optimal feature selection,2025,Ungeklärt,SHAP,Begleitende Verfahren > Vorverarbeitung & Erklärung > SHAP,Abfallmengen prognostizieren,Materialrückgewinnung > Abfallmengen prognostizieren,Registrierter Originaltitel,https://api.crossref.org/works/10.1016%2Fj.wasman.2025.115012,Nein
LIT-024,Predicting municipal solid waste generation using artificial intelligence: A hybrid approach of entropy analysis and SHAP for optimal feature selection,2025,Ungeklärt,ML / KI (Modell offen),Methode nicht spezifiziert > ML / KI (Modell offen),Abfallmengen prognostizieren,Materialrückgewinnung > Abfallmengen prognostizieren,Registrierter Originaltitel,https://api.crossref.org/works/10.1016%2Fj.wasman.2025.115012,Nein
LIT-025,A machine learning and evolutionary optimization framework for carbon-aware supply chain routing,2026,Ungeklärt,ML / KI (Modell offen),Methode nicht spezifiziert > ML / KI (Modell offen),Emissionsbewusste Routen,Zirkuläre Lieferketten > Emissionsbewusste Routen,Registrierter Originaltitel,https://api.crossref.org/works/10.1016%2Fj.sca.2025.100182,Nein
LIT-025,A machine learning and evolutionary optimization framework for carbon-aware supply chain routing,2026,Ungeklärt,Evolutionäre Optimierung (offen),Begleitende Verfahren > Optimierung & Entscheidung > Evolutionäre Optimierung (offen),Emissionsbewusste Routen,Zirkuläre Lieferketten > Emissionsbewusste Routen,Registrierter Originaltitel,https://api.crossref.org/works/10.1016%2Fj.sca.2025.100182,Nein
LIT-026,Machine Learning and Artificial Intelligence in Circular Economy: A Bibliometric Analysis and Systematic Literature Review,2022,Ungeklärt,ML / KI (Modell offen),Methode nicht spezifiziert > ML / KI (Modell offen),CE-Forschungsüberblick,Wissen & Forschung > CE-Forschungsüberblick,Original-Abstract / Verlagsvorschau,https://api.crossref.org/works/10.33166%2FAETiC.2022.02.002,Nein
LIT-027,Towards autonomous production control: a reinforcement learning-based model for hybrid remanufacturing systems,2026,Ohne Bildbezug,RL (Agent offen),Reinforcement Learning > RL (Agent offen),Aufarbeitung steuern,Aufarbeitung & Reparatur > Aufarbeitung steuern,Original-Abstract / Verlagsvorschau,https://api.crossref.org/works/10.1007%2Fs13243-026-00160-7,Nein
LIT-028,Big data-driven optimization for sustainable reverse logistics network design,2022,Ungeklärt,Methode nicht benannt,Methode nicht spezifiziert > Methode nicht benannt,Rückführungslogistik,Zirkuläre Lieferketten > Rückführungslogistik,Registrierter Originaltitel,https://api.crossref.org/works/10.1007%2Fs12652-022-04357-z,Nein
LIT-029,Evaluating Artificial Intelligence Models for Resource Allocation in Circular Economy Digital Marketplace,2024,Ohne Bildbezug,ARIMA,Statistik & Nachbarschaft > ARIMA,Marktbedarf prognostizieren,Zirkuläre Lieferketten > Marktbedarf prognostizieren,Original-Abstract / Verlagsvorschau,https://api.crossref.org/works/10.3390%2Fsu162310601,Nein
LIT-029,Evaluating Artificial Intelligence Models for Resource Allocation in Circular Economy Digital Marketplace,2024,Ohne Bildbezug,LSTM,Neuronale Netze > Rekurrente Netze > LSTM-Varianten > LSTM,Marktbedarf prognostizieren,Zirkuläre Lieferketten > Marktbedarf prognostizieren,Original-Abstract / Verlagsvorschau,https://api.crossref.org/works/10.3390%2Fsu162310601,Nein
LIT-029,Evaluating Artificial Intelligence Models for Resource Allocation in Circular Economy Digital Marketplace,2024,Ohne Bildbezug,Random Forest,Bäume & Baum-Ensembles > Random Forest,Marktbedarf prognostizieren,Zirkuläre Lieferketten > Marktbedarf prognostizieren,Original-Abstract / Verlagsvorschau,https://api.crossref.org/works/10.3390%2Fsu162310601,Nein
LIT-029,Evaluating Artificial Intelligence Models for Resource Allocation in Circular Economy Digital Marketplace,2024,Ohne Bildbezug,Gradient Boosting / GBRT / GBM,Bäume & Baum-Ensembles > Boosting-Bäume > Gradient Boosting / GBRT / GBM,Marktbedarf prognostizieren,Zirkuläre Lieferketten > Marktbedarf prognostizieren,Original-Abstract / Verlagsvorschau,https://api.crossref.org/works/10.3390%2Fsu162310601,Nein
LIT-029,Evaluating Artificial Intelligence Models for Resource Allocation in Circular Economy Digital Marketplace,2024,Ohne Bildbezug,ANN / NN (Architektur offen),Neuronale Netze > ANN / NN (Architektur offen),Marktbedarf prognostizieren,Zirkuläre Lieferketten > Marktbedarf prognostizieren,Original-Abstract / Verlagsvorschau,https://api.crossref.org/works/10.3390%2Fsu162310601,Nein
LIT-029,Evaluating Artificial Intelligence Models for Resource Allocation in Circular Economy Digital Marketplace,2024,Ohne Bildbezug,Q-learning,Reinforcement Learning > Q-learning,Preise steuern,Zirkuläre Lieferketten > Preise steuern,Original-Abstract / Verlagsvorschau,https://api.crossref.org/works/10.3390%2Fsu162310601,Nein
LIT-029,Evaluating Artificial Intelligence Models for Resource Allocation in Circular Economy Digital Marketplace,2024,Ohne Bildbezug,Deep Q-learning,Reinforcement Learning > Deep Q-learning,Preise steuern,Zirkuläre Lieferketten > Preise steuern,Original-Abstract / Verlagsvorschau,https://api.crossref.org/works/10.3390%2Fsu162310601,Nein
LIT-030,Reverse Logistics Network Model of Dual-Channel Recycling Boxes Based on Genetic Algorithm Optimization: A Multi-Objective and Uncertain Environment Perspective,2023,Ohne Bildbezug,Genetic Algorithm,Begleitende Verfahren > Optimierung & Entscheidung > Genetic Algorithm,Rückführungslogistik,Zirkuläre Lieferketten > Rückführungslogistik,Original-Abstract / Verlagsvorschau,https://api.crossref.org/works/10.3390%2Fsu15054408,Nein
LIT-030,Reverse Logistics Network Model of Dual-Channel Recycling Boxes Based on Genetic Algorithm Optimization: A Multi-Objective and Uncertain Environment Perspective,2023,Ohne Bildbezug,Stackelberg game,Begleitende Verfahren > Optimierung & Entscheidung > Stackelberg game,Preise steuern,Zirkuläre Lieferketten > Preise steuern,Original-Abstract / Verlagsvorschau,https://api.crossref.org/works/10.3390%2Fsu15054408,Nein
LIT-031,Unlocking the Potential of Remanufacturing Through Machine Learning and Data-Driven Models—A Survey,2024,Ungeklärt,ML / KI (Modell offen),Methode nicht spezifiziert > ML / KI (Modell offen),Aufarbeitung im Überblick,Aufarbeitung & Reparatur > Aufarbeitung im Überblick,Original-Abstract / Verlagsvorschau,https://api.crossref.org/works/10.3390%2Fa17120562,Nein
LIT-032,Deep learning enabled computer vision in remanufacturing and refurbishment applications: defect detection and grading for smart phones,2025,Mit Bildbezug,YOLOv7,Neuronale Netze > Faltungsnetze > YOLO-Detektoren > YOLOv7,Defekte zur Aufarbeitung,Aufarbeitung & Reparatur > Defekte zur Aufarbeitung,Original-Abstract / Verlagsvorschau,https://api.crossref.org/works/10.1007%2Fs13243-024-00147-2,Nein
LIT-032,Deep learning enabled computer vision in remanufacturing and refurbishment applications: defect detection and grading for smart phones,2025,Mit Bildbezug,YOLOv8 / YOLOv8s,Neuronale Netze > Faltungsnetze > YOLO-Detektoren > YOLOv8 / YOLOv8s,Defekte zur Aufarbeitung,Aufarbeitung & Reparatur > Defekte zur Aufarbeitung,Original-Abstract / Verlagsvorschau,https://api.crossref.org/works/10.1007%2Fs13243-024-00147-2,Nein
LIT-032,Deep learning enabled computer vision in remanufacturing and refurbishment applications: defect detection and grading for smart phones,2025,Mit Bildbezug,YOLO11,Neuronale Netze > Faltungsnetze > YOLO-Detektoren > YOLO11,Defekte zur Aufarbeitung,Aufarbeitung & Reparatur > Defekte zur Aufarbeitung,Original-Abstract / Verlagsvorschau,https://api.crossref.org/works/10.1007%2Fs13243-024-00147-2,Nein
LIT-032,Deep learning enabled computer vision in remanufacturing and refurbishment applications: defect detection and grading for smart phones,2025,Mit Bildbezug,Mask R-CNN,Neuronale Netze > Faltungsnetze > Mask R-CNN,Defekte zur Aufarbeitung,Aufarbeitung & Reparatur > Defekte zur Aufarbeitung,Original-Abstract / Verlagsvorschau,https://api.crossref.org/works/10.1007%2Fs13243-024-00147-2,Nein
LIT-033,A hybrid machine learning forecasting model for photovoltaic power,2024,Ungeklärt,ML / KI (Modell offen),Methode nicht spezifiziert > ML / KI (Modell offen),PV & Einstrahlung,Erneuerbare Energie > PV & Einstrahlung,Registrierter Originaltitel,https://api.crossref.org/works/10.1016%2Fj.egyr.2024.04.065,Nein
LIT-034,Short-term PV power forecast using hybrid deep learning model and Variational Mode Decomposition,2023,Ungeklärt,Deep Learning (Architektur offen),Neuronale Netze > Deep Learning (Architektur offen),PV & Einstrahlung,Erneuerbare Energie > PV & Einstrahlung,Registrierter Originaltitel,https://api.crossref.org/works/10.1016%2Fj.egyr.2023.05.154,Nein
LIT-034,Short-term PV power forecast using hybrid deep learning model and Variational Mode Decomposition,2023,Ungeklärt,VMD,Begleitende Verfahren > Vorverarbeitung & Erklärung > VMD,PV & Einstrahlung,Erneuerbare Energie > PV & Einstrahlung,Registrierter Originaltitel,https://api.crossref.org/works/10.1016%2Fj.egyr.2023.05.154,Nein
LIT-035,Deep learning based automatic defect identification of photovoltaic module using electroluminescence images,2020,Mit Bildbezug,Deep Learning (Architektur offen),Neuronale Netze > Deep Learning (Architektur offen),PV-Defekte erkennen,Erneuerbare Energie > PV-Defekte erkennen,Registrierter Originaltitel,https://api.crossref.org/works/10.1016%2Fj.solener.2020.03.049,Nein
LIT-036,Deeplab-YOLO: a method for detecting hot-spot defects in infrared image PV panels by combining segmentation and detection,2024,Mit Bildbezug,Deeplab-YOLO,Neuronale Netze > Faltungsnetze > YOLO-Detektoren > Deeplab-YOLO,PV-Defekte erkennen,Erneuerbare Energie > PV-Defekte erkennen,Registrierter Originaltitel,https://api.crossref.org/works/10.1007%2Fs11554-024-01415-x,Nein
LIT-037,Day-ahead Numerical Weather Prediction solar irradiance correction using a clustering method based on weather conditions,2024,Ungeklärt,Clustering (Verfahren offen),Clustering & Faktorisierung > Clustering (Verfahren offen),PV & Einstrahlung,Erneuerbare Energie > PV & Einstrahlung,Registrierter Originaltitel,https://api.crossref.org/works/10.1016%2Fj.apenergy.2024.123239,Nein
LIT-038,"Solar Irradiance Probabilistic Forecasting Using Machine Learning, Metaheuristic Models and Numerical Weather Predictions",2022,Ohne Bildbezug,Particle Swarm Optimization,Begleitende Verfahren > Optimierung & Entscheidung > Particle Swarm Optimization,PV & Einstrahlung,Erneuerbare Energie > PV & Einstrahlung,Original-Abstract / Verlagsvorschau,https://api.crossref.org/works/10.3390%2Fsu142215260,Nein
LIT-038,"Solar Irradiance Probabilistic Forecasting Using Machine Learning, Metaheuristic Models and Numerical Weather Predictions",2022,Ohne Bildbezug,XGBoost,Bäume & Baum-Ensembles > Boosting-Bäume > XGBoost,PV & Einstrahlung,Erneuerbare Energie > PV & Einstrahlung,Original-Abstract / Verlagsvorschau,https://api.crossref.org/works/10.3390%2Fsu142215260,Nein
LIT-038,"Solar Irradiance Probabilistic Forecasting Using Machine Learning, Metaheuristic Models and Numerical Weather Predictions",2022,Ohne Bildbezug,LSTM,Neuronale Netze > Rekurrente Netze > LSTM-Varianten > LSTM,PV & Einstrahlung,Erneuerbare Energie > PV & Einstrahlung,Original-Abstract / Verlagsvorschau,https://api.crossref.org/works/10.3390%2Fsu142215260,Nein
LIT-038,"Solar Irradiance Probabilistic Forecasting Using Machine Learning, Metaheuristic Models and Numerical Weather Predictions",2022,Ohne Bildbezug,Gradient Boosting / GBRT / GBM,Bäume & Baum-Ensembles > Boosting-Bäume > Gradient Boosting / GBRT / GBM,PV & Einstrahlung,Erneuerbare Energie > PV & Einstrahlung,Original-Abstract / Verlagsvorschau,https://api.crossref.org/works/10.3390%2Fsu142215260,Nein
LIT-038,"Solar Irradiance Probabilistic Forecasting Using Machine Learning, Metaheuristic Models and Numerical Weather Predictions",2022,Ohne Bildbezug,ANN / NN (Architektur offen),Neuronale Netze > ANN / NN (Architektur offen),PV & Einstrahlung,Erneuerbare Energie > PV & Einstrahlung,Original-Abstract / Verlagsvorschau,https://api.crossref.org/works/10.3390%2Fsu142215260,Nein
LIT-038,"Solar Irradiance Probabilistic Forecasting Using Machine Learning, Metaheuristic Models and Numerical Weather Predictions",2022,Ohne Bildbezug,CNN,Neuronale Netze > Faltungsnetze > CNN,PV & Einstrahlung,Erneuerbare Energie > PV & Einstrahlung,Original-Abstract / Verlagsvorschau,https://api.crossref.org/works/10.3390%2Fsu142215260,Nein
LIT-038,"Solar Irradiance Probabilistic Forecasting Using Machine Learning, Metaheuristic Models and Numerical Weather Predictions",2022,Ohne Bildbezug,Random Forest,Bäume & Baum-Ensembles > Random Forest,PV & Einstrahlung,Erneuerbare Energie > PV & Einstrahlung,Original-Abstract / Verlagsvorschau,https://api.crossref.org/works/10.3390%2Fsu142215260,Nein
LIT-039,A Novel Machine Learning Approach for Solar Radiation Estimation,2023,Ohne Bildbezug,Recursive Feature Elimination,Begleitende Verfahren > Vorverarbeitung & Erklärung > Recursive Feature Elimination,PV & Einstrahlung,Erneuerbare Energie > PV & Einstrahlung,Original-Abstract / Verlagsvorschau,https://api.crossref.org/works/10.3390%2Fsu151310609,Nein
LIT-039,A Novel Machine Learning Approach for Solar Radiation Estimation,2023,Ohne Bildbezug,Decision Tree,Bäume & Baum-Ensembles > Decision Tree,PV & Einstrahlung,Erneuerbare Energie > PV & Einstrahlung,Original-Abstract / Verlagsvorschau,https://api.crossref.org/works/10.3390%2Fsu151310609,Nein
LIT-039,A Novel Machine Learning Approach for Solar Radiation Estimation,2023,Ohne Bildbezug,Pearson-Korrelation,Begleitende Verfahren > Vorverarbeitung & Erklärung > Pearson-Korrelation,PV & Einstrahlung,Erneuerbare Energie > PV & Einstrahlung,Original-Abstract / Verlagsvorschau,https://api.crossref.org/works/10.3390%2Fsu151310609,Nein
LIT-039,A Novel Machine Learning Approach for Solar Radiation Estimation,2023,Ohne Bildbezug,Logistic Regression,Statistik & Nachbarschaft > Logistic Regression,PV & Einstrahlung,Erneuerbare Energie > PV & Einstrahlung,Original-Abstract / Verlagsvorschau,https://api.crossref.org/works/10.3390%2Fsu151310609,Nein
LIT-039,A Novel Machine Learning Approach for Solar Radiation Estimation,2023,Ohne Bildbezug,Gradient Boosting / GBRT / GBM,Bäume & Baum-Ensembles > Boosting-Bäume > Gradient Boosting / GBRT / GBM,PV & Einstrahlung,Erneuerbare Energie > PV & Einstrahlung,Original-Abstract / Verlagsvorschau,https://api.crossref.org/works/10.3390%2Fsu151310609,Nein
LIT-039,A Novel Machine Learning Approach for Solar Radiation Estimation,2023,Ohne Bildbezug,Random Forest,Bäume & Baum-Ensembles > Random Forest,PV & Einstrahlung,Erneuerbare Energie > PV & Einstrahlung,Original-Abstract / Verlagsvorschau,https://api.crossref.org/works/10.3390%2Fsu151310609,Nein
LIT-040,"A novel model based on CEEMDAN, IWOA, and LSTM for ultra-short-term wind power forecasting",2022,Ungeklärt,CEEMDAN,Begleitende Verfahren > Vorverarbeitung & Erklärung > CEEMDAN,Windleistung prognostizieren,Erneuerbare Energie > Windleistung prognostizieren,Registrierter Originaltitel,https://api.crossref.org/works/10.1007%2Fs11356-022-22959-0,Nein
LIT-040,"A novel model based on CEEMDAN, IWOA, and LSTM for ultra-short-term wind power forecasting",2022,Ungeklärt,IWOA,Begleitende Verfahren > Optimierung & Entscheidung > IWOA,Windleistung prognostizieren,Erneuerbare Energie > Windleistung prognostizieren,Registrierter Originaltitel,https://api.crossref.org/works/10.1007%2Fs11356-022-22959-0,Nein
LIT-040,"A novel model based on CEEMDAN, IWOA, and LSTM for ultra-short-term wind power forecasting",2022,Ungeklärt,LSTM,Neuronale Netze > Rekurrente Netze > LSTM-Varianten > LSTM,Windleistung prognostizieren,Erneuerbare Energie > Windleistung prognostizieren,Registrierter Originaltitel,https://api.crossref.org/works/10.1007%2Fs11356-022-22959-0,Nein
LIT-041,Multi-Scale Decomposition and Hybrid Deep Learning CEEMDAN-VMD-CNN-BiLSTM Approach for Wind Power Forecasting,2025,Ohne Bildbezug,CEEMDAN,Begleitende Verfahren > Vorverarbeitung & Erklärung > CEEMDAN,Windleistung prognostizieren,Erneuerbare Energie > Windleistung prognostizieren,Original-Abstract / Verlagsvorschau,https://api.crossref.org/works/10.3390%2Fpr13072046,Nein
LIT-041,Multi-Scale Decomposition and Hybrid Deep Learning CEEMDAN-VMD-CNN-BiLSTM Approach for Wind Power Forecasting,2025,Ohne Bildbezug,VMD,Begleitende Verfahren > Vorverarbeitung & Erklärung > VMD,Windleistung prognostizieren,Erneuerbare Energie > Windleistung prognostizieren,Original-Abstract / Verlagsvorschau,https://api.crossref.org/works/10.3390%2Fpr13072046,Nein
LIT-041,Multi-Scale Decomposition and Hybrid Deep Learning CEEMDAN-VMD-CNN-BiLSTM Approach for Wind Power Forecasting,2025,Ohne Bildbezug,CNN,Neuronale Netze > Faltungsnetze > CNN,Windleistung prognostizieren,Erneuerbare Energie > Windleistung prognostizieren,Original-Abstract / Verlagsvorschau,https://api.crossref.org/works/10.3390%2Fpr13072046,Nein
LIT-041,Multi-Scale Decomposition and Hybrid Deep Learning CEEMDAN-VMD-CNN-BiLSTM Approach for Wind Power Forecasting,2025,Ohne Bildbezug,BiLSTM,Neuronale Netze > Rekurrente Netze > LSTM-Varianten > BiLSTM,Windleistung prognostizieren,Erneuerbare Energie > Windleistung prognostizieren,Original-Abstract / Verlagsvorschau,https://api.crossref.org/works/10.3390%2Fpr13072046,Nein
LIT-041,Multi-Scale Decomposition and Hybrid Deep Learning CEEMDAN-VMD-CNN-BiLSTM Approach for Wind Power Forecasting,2025,Ohne Bildbezug,k-means,Clustering & Faktorisierung > k-means,Windleistung prognostizieren,Erneuerbare Energie > Windleistung prognostizieren,Original-Abstract / Verlagsvorschau,https://api.crossref.org/works/10.3390%2Fpr13072046,Nein
LIT-041,Multi-Scale Decomposition and Hybrid Deep Learning CEEMDAN-VMD-CNN-BiLSTM Approach for Wind Power Forecasting,2025,Ohne Bildbezug,ARIMA,Statistik & Nachbarschaft > ARIMA,Windleistung prognostizieren,Erneuerbare Energie > Windleistung prognostizieren,Original-Abstract / Verlagsvorschau,https://api.crossref.org/works/10.3390%2Fpr13072046,Nein
LIT-041,Multi-Scale Decomposition and Hybrid Deep Learning CEEMDAN-VMD-CNN-BiLSTM Approach for Wind Power Forecasting,2025,Ohne Bildbezug,LSTM,Neuronale Netze > Rekurrente Netze > LSTM-Varianten > LSTM,Windleistung prognostizieren,Erneuerbare Energie > Windleistung prognostizieren,Original-Abstract / Verlagsvorschau,https://api.crossref.org/works/10.3390%2Fpr13072046,Nein
LIT-042,A robust spatio‐temporal prediction approach for wind power generation based on spectral temporal graph neural network,2022,Ohne Bildbezug,MCC-Stem-GNN,Neuronale Netze > Graphnetze > MCC-Stem-GNN,Windleistung prognostizieren,Erneuerbare Energie > Windleistung prognostizieren,Original-Abstract / Verlagsvorschau,https://api.crossref.org/works/10.1049%2Frpg2.12449,Nein
LIT-043,BUAA_BIGSCity: Spatial-Temporal Graph Neural Network for Wind Power Forecasting in Baidu KDD CUP 2022,2023,Ohne Bildbezug,AGCRN,Neuronale Netze > Graphnetze > AGCRN,Windleistung prognostizieren,Erneuerbare Energie > Windleistung prognostizieren,Original-Abstract / Verlagsvorschau,https://arxiv.org/abs/2302.11159v1,Nein
LIT-043,BUAA_BIGSCity: Spatial-Temporal Graph Neural Network for Wind Power Forecasting in Baidu KDD CUP 2022,2023,Ohne Bildbezug,MTGNN,Neuronale Netze > Graphnetze > MTGNN,Windleistung prognostizieren,Erneuerbare Energie > Windleistung prognostizieren,Original-Abstract / Verlagsvorschau,https://arxiv.org/abs/2302.11159v1,Nein
LIT-044,Renewable energy integration and microgrid energy trading using multi-agent deep reinforcement learning,2022,Ungeklärt,Multi-Agent Deep RL (Agent offen),Reinforcement Learning > Multi-Agent Deep RL (Agent offen),Microgrid-Energiehandel,Erneuerbare Energie > Microgrid-Energiehandel,Registrierter Originaltitel,https://api.crossref.org/works/10.1016%2Fj.apenergy.2022.119151,Nein
LIT-045,Wind turbine anomaly detection based on SCADA: A deep autoencoder enhanced by fault instances,2023,Ohne Bildbezug,Triplet-convolutional deep autoencoder,Neuronale Netze > Autoencoder > Triplet-convolutional deep autoencoder,Windanlagen überwachen,Erneuerbare Energie > Windanlagen überwachen,Original-Abstract / Verlagsvorschau,https://www.sciencedirect.com/science/article/pii/S0019057823001635,Ja
LIT-045,Wind turbine anomaly detection based on SCADA: A deep autoencoder enhanced by fault instances,2023,Ohne Bildbezug,GAN,Neuronale Netze > GAN,Windanlagen überwachen,Erneuerbare Energie > Windanlagen überwachen,Original-Abstract / Verlagsvorschau,https://www.sciencedirect.com/science/article/pii/S0019057823001635,Ja
LIT-046,Short-term interval prediction of PV power based on quantile regression-stacking model and tree-structured parzen estimator optimization algorithm,2023,Ohne Bildbezug,XGBoost,Bäume & Baum-Ensembles > Boosting-Bäume > XGBoost,PV & Einstrahlung,Erneuerbare Energie > PV & Einstrahlung,Original-Abstract / Verlagsvorschau,https://api.crossref.org/works/10.3389%2Ffenrg.2023.1252057,Nein
LIT-046,Short-term interval prediction of PV power based on quantile regression-stacking model and tree-structured parzen estimator optimization algorithm,2023,Ohne Bildbezug,LightGBM,Bäume & Baum-Ensembles > Boosting-Bäume > LightGBM,PV & Einstrahlung,Erneuerbare Energie > PV & Einstrahlung,Original-Abstract / Verlagsvorschau,https://api.crossref.org/works/10.3389%2Ffenrg.2023.1252057,Nein
LIT-046,Short-term interval prediction of PV power based on quantile regression-stacking model and tree-structured parzen estimator optimization algorithm,2023,Ohne Bildbezug,CatBoost,Bäume & Baum-Ensembles > Boosting-Bäume > CatBoost,PV & Einstrahlung,Erneuerbare Energie > PV & Einstrahlung,Original-Abstract / Verlagsvorschau,https://api.crossref.org/works/10.3389%2Ffenrg.2023.1252057,Nein
LIT-046,Short-term interval prediction of PV power based on quantile regression-stacking model and tree-structured parzen estimator optimization algorithm,2023,Ohne Bildbezug,QR-LSTM,Neuronale Netze > Rekurrente Netze > LSTM-Varianten > QR-LSTM,PV & Einstrahlung,Erneuerbare Energie > PV & Einstrahlung,Original-Abstract / Verlagsvorschau,https://api.crossref.org/works/10.3389%2Ffenrg.2023.1252057,Nein
LIT-046,Short-term interval prediction of PV power based on quantile regression-stacking model and tree-structured parzen estimator optimization algorithm,2023,Ohne Bildbezug,Stacking,Lern- & Hybridkonzepte > Stacking,PV & Einstrahlung,Erneuerbare Energie > PV & Einstrahlung,Original-Abstract / Verlagsvorschau,https://api.crossref.org/works/10.3389%2Ffenrg.2023.1252057,Nein
LIT-046,Short-term interval prediction of PV power based on quantile regression-stacking model and tree-structured parzen estimator optimization algorithm,2023,Ohne Bildbezug,Tree-structured Parzen Estimator,Begleitende Verfahren > Optimierung & Entscheidung > Tree-structured Parzen Estimator,PV & Einstrahlung,Erneuerbare Energie > PV & Einstrahlung,Original-Abstract / Verlagsvorschau,https://api.crossref.org/works/10.3389%2Ffenrg.2023.1252057,Nein
LIT-047,Analysis and prediction of green hydrogen production potential by photovoltaic-powered water electrolysis using machine learning in China,2023,Ungeklärt,ML / KI (Modell offen),Methode nicht spezifiziert > ML / KI (Modell offen),Wasserstoffpotenzial,Erneuerbare Energie > Wasserstoffpotenzial,Registrierter Originaltitel,https://api.crossref.org/works/10.1016%2Fj.energy.2023.129302,Nein
LIT-048,Process optimization of biomass gasification with a Monte Carlo approach and random forest algorithm,2022,Ohne Bildbezug,Random Forest,Bäume & Baum-Ensembles > Random Forest,Biomassevergasung,Prozess & Wasser > Biomassevergasung,Original-Abstract / Verlagsvorschau,https://eprints.gla.ac.uk/270667/,Ja
LIT-048,Process optimization of biomass gasification with a Monte Carlo approach and random forest algorithm,2022,Ohne Bildbezug,Monte-Carlo-Simulation,Begleitende Verfahren > Simulation > Monte-Carlo-Simulation,Biomassevergasung,Prozess & Wasser > Biomassevergasung,Original-Abstract / Verlagsvorschau,https://eprints.gla.ac.uk/270667/,Ja
LIT-049,Artificial Intelligence in Photovoltaic Fault Identification and Diagnosis: A Systematic Review,2023,Mit Bildbezug,KNN,Statistik & Nachbarschaft > KNN,PV-Defekte erkennen,Erneuerbare Energie > PV-Defekte erkennen,Original-Abstract / Verlagsvorschau,https://api.crossref.org/works/10.3390%2Fen16217417,Nein
LIT-049,Artificial Intelligence in Photovoltaic Fault Identification and Diagnosis: A Systematic Review,2023,Mit Bildbezug,Random Forest,Bäume & Baum-Ensembles > Random Forest,PV-Defekte erkennen,Erneuerbare Energie > PV-Defekte erkennen,Original-Abstract / Verlagsvorschau,https://api.crossref.org/works/10.3390%2Fen16217417,Nein
LIT-049,Artificial Intelligence in Photovoltaic Fault Identification and Diagnosis: A Systematic Review,2023,Mit Bildbezug,CNN,Neuronale Netze > Faltungsnetze > CNN,PV-Defekte erkennen,Erneuerbare Energie > PV-Defekte erkennen,Original-Abstract / Verlagsvorschau,https://api.crossref.org/works/10.3390%2Fen16217417,Nein
LIT-049,Artificial Intelligence in Photovoltaic Fault Identification and Diagnosis: A Systematic Review,2023,Mit Bildbezug,ANN / NN (Architektur offen),Neuronale Netze > ANN / NN (Architektur offen),PV-Defekte erkennen,Erneuerbare Energie > PV-Defekte erkennen,Original-Abstract / Verlagsvorschau,https://api.crossref.org/works/10.3390%2Fen16217417,Nein
LIT-050,Multi-step carbon price forecasting using a hybrid model based on multivariate decomposition strategy and deep learning algorithms,2023,Ungeklärt,Signalzerlegung (Verfahren offen),Begleitende Verfahren > Vorverarbeitung & Erklärung > Signalzerlegung (Verfahren offen),CO₂-Preisprognose,Umwelt & Emissionen > CO₂-Preisprognose,Registrierter Originaltitel,https://api.crossref.org/works/10.1016%2Fj.jclepro.2023.136959,Nein
LIT-050,Multi-step carbon price forecasting using a hybrid model based on multivariate decomposition strategy and deep learning algorithms,2023,Ungeklärt,Deep Learning (Architektur offen),Neuronale Netze > Deep Learning (Architektur offen),CO₂-Preisprognose,Umwelt & Emissionen > CO₂-Preisprognose,Registrierter Originaltitel,https://api.crossref.org/works/10.1016%2Fj.jclepro.2023.136959,Nein
LIT-051,Carbon price forecasting based on CEEMDAN and LSTM,2022,Ungeklärt,CEEMDAN,Begleitende Verfahren > Vorverarbeitung & Erklärung > CEEMDAN,CO₂-Preisprognose,Umwelt & Emissionen > CO₂-Preisprognose,Registrierter Originaltitel,https://api.crossref.org/works/10.1016%2Fj.apenergy.2022.118601,Nein
LIT-051,Carbon price forecasting based on CEEMDAN and LSTM,2022,Ungeklärt,LSTM,Neuronale Netze > Rekurrente Netze > LSTM-Varianten > LSTM,CO₂-Preisprognose,Umwelt & Emissionen > CO₂-Preisprognose,Registrierter Originaltitel,https://api.crossref.org/works/10.1016%2Fj.apenergy.2022.118601,Nein
LIT-052,Efficient and assured reinforcement learning-based building HVAC control with heterogeneous expert-guided training,2025,Ohne Bildbezug,Deep RL (Agent offen),Reinforcement Learning > Deep RL (Agent offen),HVAC regeln,Gebäude & Energiebedarf > HVAC regeln,Original-Abstract / Verlagsvorschau,https://api.crossref.org/works/10.1038%2Fs41598-025-91326-z,Nein
LIT-053,Experimental evaluation of model-free reinforcement learning algorithms for continuous HVAC control,2021,Ungeklärt,RL (Agent offen),Reinforcement Learning > RL (Agent offen),HVAC regeln,Gebäude & Energiebedarf > HVAC regeln,Registrierter Originaltitel,https://api.crossref.org/works/10.1016%2Fj.apenergy.2021.117164,Nein
LIT-054,An experimental evaluation of deep reinforcement learning algorithms for HVAC control,2024,Ohne Bildbezug,SAC,Reinforcement Learning > SAC,HVAC regeln,Gebäude & Energiebedarf > HVAC regeln,Original-Abstract / Verlagsvorschau,https://api.crossref.org/works/10.1007%2Fs10462-024-10819-x,Nein
LIT-054,An experimental evaluation of deep reinforcement learning algorithms for HVAC control,2024,Ohne Bildbezug,TD3,Reinforcement Learning > TD3,HVAC regeln,Gebäude & Energiebedarf > HVAC regeln,Original-Abstract / Verlagsvorschau,https://api.crossref.org/works/10.1007%2Fs10462-024-10819-x,Nein
LIT-055,Data-driven energy consumption prediction of a university office building using machine learning algorithms,2024,Ungeklärt,ML / KI (Modell offen),Methode nicht spezifiziert > ML / KI (Modell offen),Gebäudeenergie,Gebäude & Energiebedarf > Gebäudeenergie,Registrierter Originaltitel,https://api.crossref.org/works/10.1016%2Fj.energy.2024.133242,Nein
LIT-056,"Evaluating Machine Learning Models for Sustainable Building Design: Energy, Emissions, and Comfort Metrics",2025,Ungeklärt,ML / KI (Modell offen),Methode nicht spezifiziert > ML / KI (Modell offen),Gebäudeenergie,Gebäude & Energiebedarf > Gebäudeenergie,Registrierter Originaltitel,https://api.crossref.org/works/10.1016%2Fj.buildenv.2025.113582,Nein
LIT-057,Predictive models of embodied carbon emissions in building design phases: Machine learning approaches based on residential buildings in China,2024,Ungeklärt,ML / KI (Modell offen),Methode nicht spezifiziert > ML / KI (Modell offen),Gebäudeemissionen,Umwelt & Emissionen > Gebäudeemissionen,Registrierter Originaltitel,https://api.crossref.org/works/10.1016%2Fj.buildenv.2024.111595,Nein
LIT-058,Machine learning models for predicting rural residential carbon emissions and optimising spatial forms,2025,Ungeklärt,ML / KI (Modell offen),Methode nicht spezifiziert > ML / KI (Modell offen),Gebäudeemissionen,Umwelt & Emissionen > Gebäudeemissionen,Registrierter Originaltitel,https://api.crossref.org/works/10.1038%2Fs41598-025-17746-z,Nein
LIT-059,An XGBoost-SHAP analysis of the driving factors of carbon emissions in China’s first-tier cities,2025,Ungeklärt,XGBoost,Bäume & Baum-Ensembles > Boosting-Bäume > XGBoost,Stadtemissionen,Umwelt & Emissionen > Stadtemissionen,Registrierter Originaltitel,https://api.crossref.org/works/10.1038%2Fs41598-025-31260-2,Nein
LIT-059,An XGBoost-SHAP analysis of the driving factors of carbon emissions in China’s first-tier cities,2025,Ungeklärt,SHAP,Begleitende Verfahren > Vorverarbeitung & Erklärung > SHAP,Stadtemissionen,Umwelt & Emissionen > Stadtemissionen,Registrierter Originaltitel,https://api.crossref.org/works/10.1038%2Fs41598-025-31260-2,Nein
LIT-060,Incorporating machine learning for thermal engines modeling in industrial waste heat recovery,2022,Ungeklärt,ML / KI (Modell offen),Methode nicht spezifiziert > ML / KI (Modell offen),Abwärmenutzung,Prozess & Wasser > Abwärmenutzung,Registrierter Originaltitel,https://api.crossref.org/works/10.1016%2Fj.cherd.2022.03.022,Nein
LIT-061,Thermodynamic modeling and AI-enhanced optimization of a novel tri-level waste heat recovery system for industrial processes,2024,Ungeklärt,ML / KI (Modell offen),Methode nicht spezifiziert > ML / KI (Modell offen),Abwärmenutzung,Prozess & Wasser > Abwärmenutzung,Registrierter Originaltitel,https://api.crossref.org/works/10.1016%2Fj.tsep.2024.103098,Nein
LIT-062,A novel machine learning-based method for identifying Industrial Symbiosis opportunities,2025,Ungeklärt,ML / KI (Modell offen),Methode nicht spezifiziert > ML / KI (Modell offen),Industrielle Symbiose,Prozess & Wasser > Industrielle Symbiose,Registrierter Originaltitel,https://api.crossref.org/works/10.1016%2Fj.jclepro.2025.145607,Nein
LIT-063,Construction of waste-to-resource knowledge graph for industrial symbiosis identification using large language models,2025,Ohne Bildbezug,LLM (Architektur offen),Text & Wissensmethoden > LLM (Architektur offen),Industrielle Symbiose,Prozess & Wasser > Industrielle Symbiose,Registrierter Originaltitel,https://api.crossref.org/works/10.1038%2Fs41467-025-66599-7,Nein
LIT-064,Integrating machine learning with life cycle assessment: a comprehensive review and guide for predicting environmental impacts,2025,Ungeklärt,ML / KI (Modell offen),Methode nicht spezifiziert > ML / KI (Modell offen),Lebenszyklusbewertung,Umwelt & Emissionen > Lebenszyklusbewertung,Registrierter Originaltitel,https://api.crossref.org/works/10.1007%2Fs11367-025-02437-8,Nein
LIT-065,Machine learning-assisted life cycle assessment of biochar soil application,2025,Ungeklärt,ML / KI (Modell offen),Methode nicht spezifiziert > ML / KI (Modell offen),Lebenszyklusbewertung,Umwelt & Emissionen > Lebenszyklusbewertung,Registrierter Originaltitel,https://api.crossref.org/works/10.1016%2Fj.jclepro.2025.145109,Nein
LIT-066,Energy consumption optimization in wastewater treatment plants: Machine learning for monitoring incineration of sewage sludge,2023,Ohne Bildbezug,ANN / NN (Architektur offen),Neuronale Netze > ANN / NN (Architektur offen),Energie / Schlammverbrennung,Prozess & Wasser > Energie / Schlammverbrennung,Original-Abstract / Verlagsvorschau,"https://mostwiedzy.pl/pl/publication/energy-consumption-optimization-in-wastewater-treatment-plants-machine-learning-for-monitoring-incin,159798-1",Ja
LIT-066,Energy consumption optimization in wastewater treatment plants: Machine learning for monitoring incineration of sewage sludge,2023,Ohne Bildbezug,Multi-Output-Lernen,Lern- & Hybridkonzepte > Multi-Output-Lernen,Energie / Schlammverbrennung,Prozess & Wasser > Energie / Schlammverbrennung,Original-Abstract / Verlagsvorschau,"https://mostwiedzy.pl/pl/publication/energy-consumption-optimization-in-wastewater-treatment-plants-machine-learning-for-monitoring-incin,159798-1",Ja
LIT-067,Analysis of Machine Learning Models for Wastewater Treatment Plant Sludge Output Prediction,2023,Ohne Bildbezug,XGBoost,Bäume & Baum-Ensembles > Boosting-Bäume > XGBoost,Schlammmenge prognostizieren,Prozess & Wasser > Schlammmenge prognostizieren,Original-Abstract / Verlagsvorschau,https://api.crossref.org/works/10.3390%2Fsu151813380,Nein
LIT-067,Analysis of Machine Learning Models for Wastewater Treatment Plant Sludge Output Prediction,2023,Ohne Bildbezug,Random Forest,Bäume & Baum-Ensembles > Random Forest,Schlammmenge prognostizieren,Prozess & Wasser > Schlammmenge prognostizieren,Original-Abstract / Verlagsvorschau,https://api.crossref.org/works/10.3390%2Fsu151813380,Nein
LIT-068,Prediction of municipal solid waste generation and analysis of dominant variables in rapidly developing cities based on machine learning – a case study of China,2023,Ohne Bildbezug,BP neural network,Neuronale Netze > BP neural network,Abfallmengen prognostizieren,Materialrückgewinnung > Abfallmengen prognostizieren,Original-Abstract / Verlagsvorschau,https://api.crossref.org/works/10.1177%2F0734242X231192766,Nein
LIT-069,PULSE: A modular framework for predictive energy efficiency in heterogeneous data centers,2025,Ohne Bildbezug,Deep Learning (Architektur offen),Neuronale Netze > Deep Learning (Architektur offen),Rechenzentren / PUE,Gebäude & Energiebedarf > Rechenzentren / PUE,Original-Abstract / Verlagsvorschau,https://www.sciencedirect.com/science/article/pii/S2352711025002791,Ja
LIT-070,Deep learning-driven hybrid model for short-term load forecasting and smart grid information management,2024,Ohne Bildbezug,GRU,Neuronale Netze > Rekurrente Netze > GRU,Lastprognose,Gebäude & Energiebedarf > Lastprognose,Original-Abstract / Verlagsvorschau,https://api.crossref.org/works/10.1038%2Fs41598-024-63262-x,Nein
LIT-070,Deep learning-driven hybrid model for short-term load forecasting and smart grid information management,2024,Ohne Bildbezug,TCN,Neuronale Netze > Faltungsnetze > TCN,Lastprognose,Gebäude & Energiebedarf > Lastprognose,Original-Abstract / Verlagsvorschau,https://api.crossref.org/works/10.1038%2Fs41598-024-63262-x,Nein
LIT-070,Deep learning-driven hybrid model for short-term load forecasting and smart grid information management,2024,Ohne Bildbezug,Aufmerksamkeitsmechanismus,Begleitende Verfahren > Architekturbausteine > Aufmerksamkeitsmechanismus,Lastprognose,Gebäude & Energiebedarf > Lastprognose,Original-Abstract / Verlagsvorschau,https://api.crossref.org/works/10.1038%2Fs41598-024-63262-x,Nein
LIT-071,Measuring Circular Economy with Data Envelopment Analysis: A Systematic Literature Review,2025,Ohne Bildbezug,Data Envelopment Analysis,Begleitende Verfahren > Optimierung & Entscheidung > Data Envelopment Analysis,Zirkularität bewerten,Umwelt & Emissionen > Zirkularität bewerten,Original-Abstract / Verlagsvorschau,https://api.crossref.org/works/10.3390%2Fmca30050102,Nein
LIT-072,Enhancing Data Envelopment Analysis (DEA) for Incorporating Energy Recycling in Circular Economy,2025,Ohne Bildbezug,Data Envelopment Analysis,Begleitende Verfahren > Optimierung & Entscheidung > Data Envelopment Analysis,Zirkularität bewerten,Umwelt & Emissionen > Zirkularität bewerten,Registrierter Originaltitel,https://api.crossref.org/works/10.1007%2Fs43615-025-00537-z,Nein
LIT-073,Advanced predictive modeling of municipal solid waste management using robust machine learning,2025,Ungeklärt,ML / KI (Modell offen),Methode nicht spezifiziert > ML / KI (Modell offen),Abfallmengen prognostizieren,Materialrückgewinnung > Abfallmengen prognostizieren,Registrierter Originaltitel,https://api.crossref.org/works/10.1038%2Fs41598-025-27237-w,Nein
LIT-074,Predictive Maintenance for Remanufacturing Based on Hybrid-Driven Remaining Useful Life Prediction,2022,Ohne Bildbezug,Wissens-/Datenhybrid,Lern- & Hybridkonzepte > Wissens-/Datenhybrid,Restlebensdauer & Zustand,Aufarbeitung & Reparatur > Restlebensdauer & Zustand,Original-Abstract / Verlagsvorschau,https://research.aston.ac.uk/en/publications/predictive-maintenance-for-remanufacturing-based-on-hybrid-driven/,Ja
LIT-075,Evaluating feasibility of batteries for second-life applications using machine learning,2022,Ohne Bildbezug,Gaussian Process Regression,Kernel & probabilistische Modelle > Gaussian Process Regression,Zweitnutzung prüfen,Batterielebenszyklus > Zweitnutzung prüfen,Original-Abstract / Verlagsvorschau,https://arxiv.org/abs/2203.04249,Nein
LIT-075,Evaluating feasibility of batteries for second-life applications using machine learning,2022,Ohne Bildbezug,Bagging,Lern- & Hybridkonzepte > Bagging,Zweitnutzung prüfen,Batterielebenszyklus > Zweitnutzung prüfen,Original-Abstract / Verlagsvorschau,https://arxiv.org/abs/2203.04249,Nein
LIT-076,Leveraging Circular Economy Metrics for Data-Driven Forecasting of Solid Waste Production in Europe,2024,Ohne Bildbezug,XGBoost,Bäume & Baum-Ensembles > Boosting-Bäume > XGBoost,Abfallmengen prognostizieren,Materialrückgewinnung > Abfallmengen prognostizieren,Original-Abstract / Verlagsvorschau,https://api.crossref.org/works/10.3390%2Fsu16031017,Nein
LIT-076,Leveraging Circular Economy Metrics for Data-Driven Forecasting of Solid Waste Production in Europe,2024,Ohne Bildbezug,SHAP,Begleitende Verfahren > Vorverarbeitung & Erklärung > SHAP,Abfallmengen prognostizieren,Materialrückgewinnung > Abfallmengen prognostizieren,Original-Abstract / Verlagsvorschau,https://api.crossref.org/works/10.3390%2Fsu16031017,Nein
LIT-077,Identifying technologies in circular economy paradigm through text mining on scientific literature,2024,Ohne Bildbezug,Rule / gazetteer NER,Text & Wissensmethoden > Rule / gazetteer NER,Literatur & Technologien,Wissen & Forschung > Literatur & Technologien,"Methodik, Abschnitte 3.1–3.4",https://journals.plos.org/plosone/article?id=10.1371/journal.pone.0312709,Ja
LIT-077,Identifying technologies in circular economy paradigm through text mining on scientific literature,2024,Ohne Bildbezug,Louvain community detection,Clustering & Faktorisierung > Community Detection > Louvain community detection,Literatur & Technologien,Wissen & Forschung > Literatur & Technologien,"Methodik, Abschnitte 3.1–3.4",https://journals.plos.org/plosone/article?id=10.1371/journal.pone.0312709,Ja
LIT-078,"Bridging the gap in ESG measurement: Using NLP to quantify environmental, social, and governance communication",2024,Ohne Bildbezug,NLP (Verfahren offen),Text & Wissensmethoden > NLP (Verfahren offen),ESG-Kommunikation,Wissen & Forschung > ESG-Kommunikation,Registrierter Originaltitel,https://api.crossref.org/works/10.1016%2Fj.frl.2024.104979,Nein
LIT-079,Sustainable design and repair: Leveraging circular economy and machine learning for product development,2025,Ungeklärt,ML / KI (Modell offen),Methode nicht spezifiziert > ML / KI (Modell offen),Design & Reparatur,Aufarbeitung & Reparatur > Design & Reparatur,Registrierter Originaltitel,https://api.crossref.org/works/10.1016%2Fj.joitmc.2025.100469,Nein
LIT-080,Advancing Plastic Waste Classification and Recycling Efficiency: Integrating Image Sensors and Deep Learning Algorithms,2023,Mit Bildbezug,YOLO,Neuronale Netze > Faltungsnetze > YOLO-Detektoren > YOLO,Kunststoff erkennen,Materialrückgewinnung > Kunststoff erkennen,Original-Abstract / Verlagsvorschau,https://api.crossref.org/works/10.3390%2Fapp131810224,Nein
LIT-081,Plastic Waste Detection Using Deep Learning: Insights from the WaDaBa Dataset,2025,Mit Bildbezug,YOLO11,Neuronale Netze > Faltungsnetze > YOLO-Detektoren > YOLO11,Kunststoff erkennen,Materialrückgewinnung > Kunststoff erkennen,Original-Abstract / Verlagsvorschau,https://api.crossref.org/works/10.53623%2Fidwm.v5i1.580,Nein
LIT-081,Plastic Waste Detection Using Deep Learning: Insights from the WaDaBa Dataset,2025,Mit Bildbezug,YOLO10,Neuronale Netze > Faltungsnetze > YOLO-Detektoren > YOLO10,Kunststoff erkennen,Materialrückgewinnung > Kunststoff erkennen,Original-Abstract / Verlagsvorschau,https://api.crossref.org/works/10.53623%2Fidwm.v5i1.580,Nein
LIT-081,Plastic Waste Detection Using Deep Learning: Insights from the WaDaBa Dataset,2025,Mit Bildbezug,MobileNetV2,Neuronale Netze > Faltungsnetze > MobileNetV2,Kunststoff erkennen,Materialrückgewinnung > Kunststoff erkennen,Original-Abstract / Verlagsvorschau,https://api.crossref.org/works/10.53623%2Fidwm.v5i1.580,Nein
LIT-081,Plastic Waste Detection Using Deep Learning: Insights from the WaDaBa Dataset,2025,Mit Bildbezug,ResNet50,Neuronale Netze > Faltungsnetze > ResNet50,Kunststoff erkennen,Materialrückgewinnung > Kunststoff erkennen,Original-Abstract / Verlagsvorschau,https://api.crossref.org/works/10.53623%2Fidwm.v5i1.580,Nein
LIT-082,Artificial intelligence and machine learning to enhance critical mineral deposit discovery,2025,Ungeklärt,ML / KI (Modell offen),Methode nicht spezifiziert > ML / KI (Modell offen),Minerallagerstätten,Primärrohstoffe (Randbereich) > Minerallagerstätten,Registrierter Originaltitel,https://api.crossref.org/works/10.1016%2Fj.geogeo.2025.100361,Nein
LIT-083,Forecasting the potential of reclaimed water using signal decomposition and deep learning,2024,Ungeklärt,Signalzerlegung (Verfahren offen),Begleitende Verfahren > Vorverarbeitung & Erklärung > Signalzerlegung (Verfahren offen),Wasserwiederverwendung,Prozess & Wasser > Wasserwiederverwendung,Registrierter Originaltitel,https://api.crossref.org/works/10.1016%2Fj.jwpe.2024.105770,Nein
LIT-083,Forecasting the potential of reclaimed water using signal decomposition and deep learning,2024,Ungeklärt,Deep Learning (Architektur offen),Neuronale Netze > Deep Learning (Architektur offen),Wasserwiederverwendung,Prozess & Wasser > Wasserwiederverwendung,Registrierter Originaltitel,https://api.crossref.org/works/10.1016%2Fj.jwpe.2024.105770,Nein
LIT-084,A hybrid deep learning approach to improve real-time effluent quality prediction in wastewater treatment plant,2024,Ungeklärt,Deep Learning (Architektur offen),Neuronale Netze > Deep Learning (Architektur offen),Ablaufqualität prognostizieren,Prozess & Wasser > Ablaufqualität prognostizieren,Registrierter Originaltitel,https://api.crossref.org/works/10.1016%2Fj.watres.2023.121092,Nein
LIT-085,Prediction of Wastewater Treatment Plant Effluent Water Quality Using Recurrent Neural Network (RNN) Models,2023,Ohne Bildbezug,RNN,Neuronale Netze > Rekurrente Netze > RNN,Ablaufqualität prognostizieren,Prozess & Wasser > Ablaufqualität prognostizieren,Original-Abstract / Verlagsvorschau,https://api.crossref.org/works/10.3390%2Fw15193325,Nein
LIT-085,Prediction of Wastewater Treatment Plant Effluent Water Quality Using Recurrent Neural Network (RNN) Models,2023,Ohne Bildbezug,LSTM,Neuronale Netze > Rekurrente Netze > LSTM-Varianten > LSTM,Ablaufqualität prognostizieren,Prozess & Wasser > Ablaufqualität prognostizieren,Original-Abstract / Verlagsvorschau,https://api.crossref.org/works/10.3390%2Fw15193325,Nein
